time(sec), p_des[0], p_des[1], p_des[2], p_des[3], p_des[4], p_des[5], p_des[6], p_meas[0], p_meas[1], p_meas[2], p_meas[3], p_meas[4], p_meas[5], p_meas[6]
0.015, 0, 0, 0, 0, 0, 0, 0, 0, 0, 0, 0, 0, 0, 0
0.024, 0, 0, 0, 0, 0, 0, 0, 0, 0, 0, 0, 0, 0, 0
0.035, 0, 0, 0, 0, 0, 0, 0, 0, 0, 0, 0, 0, 0, 0
0.045, 0, 0, 0, 0, 0, 0, 0, 0, 0, 0, 0, 0, 0, 0
0.055, 0, 0, 0, 0, 0, 0, 0, 0, 0, 0, 0, 0, 0, 0
0.065, 0, 0, 0, 0, 0, 0, 0, 0, 0, 0, 0, 0, 0, 0
0.075, 0, 0, 0, 0, 0, 0, 0, 0, 0, 0, 0, 0, 0, 0
0.085, 0, 0, 0, 0, 0, 0, 0, 0, 0, 0, 0, 0, 0, 0
0.095, 0, 0, 0, 0, 0, 0, 0, 0, 0, 0, 0, 0, 0, 0
0.105, 0, 0, 0, 0, 0, 0, 0, 0, 0, 0, 0, 0, 0, 0
0.115, 0, 0, 0, 0, 0, 0, 0, 0, 0, 0, 0, 0, 0, 0
0.125, 0, 0, 0, 0, 0, 0, 0, 0, 0, 0, 0, 0, 0, 0
0.135, 0, 0, 0, 0, 0, 0, 0, 0, 0, 0, 0, 0, 0, 0
0.146, 0, 0, 0, 0, 0, 0, 0, 0, 0, 0, 0, 0, 0, 0
0.156, 0, 0, 0, 0, 0, 0, 0, 0, 0, 0, 0, 0, 0, 0
0.165, 0, 0, 0, 0, 0, 0, 0, 0, 0, 0, 0, 0, 0, 0
0.175, 0, 0, 0, 0, 0, 0, 0, 0, 0, 0, 0, 0, 0, 0
0.185, 0, 0, 0, 0, 0, 0, 0, 0, 0, 0, 0, 0, 0, 0
0.197, 0, 0, 0, 0, 0, 0, 0, 0, 0, 0, 0, 0, 0, 0
0.204, 0, 0, 0, 0, 0, 0, 0, 0, 0, 0, 0, 0, 0, 0
0.214, 0, 0, 0, 0, 0, 0, 0, 0, 0, 0, 0, 0, 0, 0
0.224, 47, 0, 34, 47, 0, 34, 0, 0, 0, 0, 0, 0, 0, 0
0.235, 94, 0, 69, 94, 0, 69, 0, 0, 0, 0, 0, 0, 0, 0
0.244, 141, 0, 103, 133, 0, 86, 0, 0, 0, 0, 0, 0, 0, 0
0.254, 141, 0, 103, 133, 0, 86, 0, 0, 0, 0, 0, 0, 0, 0
0.264, 154, 0, 69, 146, 0, 52, 0, 0, 0, 0, 0, 0, 0, 0
0.274, 201, 0, 103, 193, 0, 86, 0, 0, 0, 0, 0, 0, 0, 0
0.284, 201, 0, 103, 193, 0, 86, 0, 0, 0, 0, 0, 0, 0, 0
0.294, 235, 0, 111, 213, 0, 67, 0, 0, 0, 0, 0, 0, 0, 0
0.304, 253, 0, 86, 239, 0, 59, 0, 0, 0, 0, 179, 0, 0, 0
0.315, 253, 0, 86, 239, 0, 59, 0, 97, 0, 42, 47, 0, 0, 0
0.324, 283, 0, 86, 269, 0, 59, 0, 159, 0, 48, 146, 0, 36, 0
0.335, 330, 0, 121, 315, 0, 90, 0, 183, 0, 30, 91, 0, 36, 0
0.345, 343, 0, 86, 362, 0, 124, 0, 145, 0, 51, 159, 0, 37, 0
0.354, 343, 0, 86, 362, 0, 124, 0, 129, 0, 40, 127, 0, 41, 0
0.364, 330, 0, 121, 349, 0, 159, 0, 175, 0, 59, 215, 0, 49, 0
0.374, 343, 0, 86, 397, 0, 194, 0, 203, 0, 57, 174, 0, 55, 0
0.385, 343, 0, 86, 397, 0, 194, 0, 224, 0, 59, 244, 0, 64, 0
0.394, 355, 0, 51, 409, 0, 159, 0, 241, 0, 64, 218, 0, 84, 0
0.404, 403, 0, 86, 457, 0, 194, 0, 255, 0, 66, 282, 0, 99, 0
0.415, 403, 0, 86, 457, 0, 194, 0, 270, 0, 70, 262, 0, 108, 0
0.424, 415, 0, 51, 480, 0, 180, 0, 291, 0, 72, 312, 0, 120, 0
0.434, 428, 0, 17, 510, 0, 180, 0, 309, 0, 74, 371, 0, 132, 0
0.444, 475, 0, 51, 497, 0, 215, 0, 325, 0, 72, 372, 0, 143, 0
0.454, 475, 0, 51, 497, 0, 215, 0, 339, 0, 70, 383, 0, 151, 0
0.465, 488, 0, 17, 510, 0, 180, 0, 354, 0, 70, 405, 0, 159, 0
0.474, 535, 0, 51, 557, 0, 215, 0, 373, 0, 73, 421, 0, 172, 0
0.485, 535, 0, 51, 557, 0, 215, 0, 389, 0, 76, 432, 0, 181, 0
0.494, 523, 0, 86, 544, 0, 249, 0, 404, 0, 76, 449, 0, 190, 0
0.505, 510, 0, 121, 532, 0, 284, 0, 419, 0, 75, 467, 0, 200, 0
0.517, 510, 0, 121, 532, 0, 284, 0, 433, 0, 74, 479, 0, 211, 0
0.525, 523, 0, 86, 544, 0, 249, 0, 448, 0, 74, 485, 0, 222, 0
0.536, 535, 0, 51, 557, 0, 215, 0, 460, 0, 75, 489, 0, 232, 0
0.545, 548, 0, 17, 570, 0, 180, 0, 477, 0, 76, 496, 0, 247, 0
0.555, 548, 0, 17, 570, 0, 180, 0, 492, 0, 76, 504, 0, 260, 0
0.564, 578, 17, 0, 582, 0, 145, 0, 503, 0, 77, 512, 0, 273, 0
0.575, 626, 52, 0, 535, 0, 111, 0, 498, 0, 77, 520, 0, 284, 0
0.585, 626, 52, 0, 535, 0, 111, 0, 506, 0, 77, 528, 0, 300, 0
0.595, 643, 26, 0, 582, 0, 145, 0, 516, 0, 77, 533, 0, 267, 0
0.604, 649, 23, 0, 610, 0, 180, 0, 529, 0, 73, 530, 0, 251, 0
0.615, 649, 23, 0, 610, 0, 180, 0, 538, 0, 46, 531, 0, 231, 0
0.625, 649, 16, 0, 642, 0, 215, 0, 545, 0, 35, 540, 0, 219, 0
0.635, 627, 7, 0, 689, 0, 249, 0, 552, 0, 27, 549, 0, 214, 0
0.644, 665, 24, 0, 663, 0, 257, 0, 561, 0, 17, 565, 0, 208, 0
0.655, 665, 24, 0, 663, 0, 257, 0, 571, 0, 0, 583, 0, 245, 0
0.665, 656, 23, 0, 681, 0, 287, 0, 580, 0, 0, 595, 0, 235, 0
0.675, 672, 29, 0, 642, 0, 270, 0, 589, 0, 0, 604, 0, 267, 0
0.685, 672, 29, 0, 642, 0, 270, 0, 598, 0, 0, 615, 0, 265, 0
0.695, 666, 29, 0, 651, 0, 305, 0, 606, 0, 0, 624, 0, 277, 0
0.704, 625, 7, 0, 699, 0, 339, 0, 613, 0, 0, 626, 0, 287, 0
0.714, 625, 7, 0, 699, 0, 339, 0, 624, 0, 0, 627, 0, 297, 0
0.725, 657, 27, 0, 711, 0, 305, 0, 633, 0, 0, 632, 0, 316, 0
0.736, 677, 0, 7, 759, 0, 339, 0, 641, 0, 0, 642, 0, 323, 0
0.745, 677, 0, 7, 759, 0, 339, 0, 650, 0, 0, 652, 0, 322, 0
0.756, 657, 27, 0, 722, 0, 305, 0, 659, 0, 0, 667, 0, 337, 0
0.765, 676, 49, 0, 694, 0, 293, 0, 666, 0, 0, 680, 0, 348, 0
0.775, 648, 35, 0, 742, 0, 328, 0, 665, 0, 0, 691, 0, 343, 0
0.785, 648, 35, 0, 742, 0, 328, 0, 665, 0, 0, 693, 0, 340, 0
0.796, 665, 47, 0, 759, 0, 337, 0, 667, 0, 0, 696, 0, 340, 0
0.806, 671, 52, 0, 783, 0, 357, 0, 669, 0, 0, 697, 0, 341, 0
0.815, 671, 52, 0, 783, 0, 357, 0, 668, 0, 0, 705, 0, 343, 0
0.825, 678, 57, 0, 790, 0, 367, 0, 667, 0, 0, 714, 0, 357, 0
0.835, 676, 56, 0, 804, 0, 382, 0, 666, 0, 0, 725, 0, 357, 0
0.846, 676, 56, 0, 804, 0, 382, 0, 666, 0, 0, 732, 0, 371, 0
0.856, 700, 67, 0, 761, 0, 355, 0, 665, 0, 0, 748, 0, 372, 0
0.866, 685, 60, 0, 787, 0, 390, 0, 664, 0, 0, 754, 0, 385, 0
0.875, 684, 62, 0, 814, 0, 415, 0, 663, 0, 0, 760, 0, 385, 0
0.885, 684, 62, 0, 814, 0, 415, 0, 662, 0, 0, 761, 0, 387, 0
0.894, 685, 62, 0, 815, 0, 416, 0, 662, 0, 0, 763, 0, 399, 0
0.905, 686, 62, 0, 829, 0, 425, 0, 663, 0, 0, 768, 0, 405, 0
0.915, 686, 62, 0, 829, 0, 425, 0, 663, 0, 0, 775, 0, 413, 0
0.925, 686, 62, 0, 830, 0, 425, 0, 664, 0, 0, 780, 0, 423, 0
0.935, 695, 70, 0, 858, 0, 459, 0, 664, 0, 0, 786, 0, 428, 0
0.946, 686, 64, 0, 885, 0, 482, 0, 665, 0, 0, 794, 0, 429, 0
0.955, 686, 64, 0, 885, 0, 482, 0, 666, 0, 0, 799, 0, 452, 0
0.965, 686, 63, 0, 881, 0, 484, 0, 668, 0, 0, 812, 0, 452, 0
0.975, 683, 61, 0, 895, 0, 501, 0, 669, 0, 0, 823, 0, 465, 0
0.985, 683, 61, 0, 895, 0, 501, 0, 670, 0, 0, 834, 0, 477, 0
0.996, 681, 58, 0, 902, 0, 507, 0, 672, 0, 0, 843, 0, 487, 0
1.005, 678, 57, 0, 914, 0, 522, 0, 673, 0, 0, 850, 0, 490, 0
1.015, 678, 57, 0, 914, 0, 522, 0, 674, 0, 0, 860, 0, 500, 0
1.025, 665, 91, 0, 961, 0, 557, 0, 675, 0, 0, 865, 0, 510, 0
1.034, 678, 57, 0, 914, 0, 522, 0, 676, 0, 0, 872, 0, 513, 0
1.044, 678, 57, 0, 914, 0, 522, 0, 677, 0, 0, 880, 0, 530, 0
1.055, 671, 58, 0, 952, 0, 557, 0, 678, 0, 0, 887, 0, 532, 0
1.064, 670, 56, 0, 963, 0, 581, 0, 678, 0, 0, 893, 0, 534, 0
1.074, 680, 74, 0, 965, 0, 615, 0, 678, 0, 0, 899, 0, 542, 0
1.084, 680, 74, 0, 965, 0, 615, 0, 678, 0, 0, 904, 0, 555, 0
1.094, 668, 67, 0, 1000, 0, 637, 0, 678, 0, 0, 915, 0, 574, 0
1.104, 672, 71, 0, 1000, 0, 640, 0, 678, 0, 0, 922, 0, 580, 0
1.114, 672, 71, 0, 1000, 0, 640, 0, 677, 0, 0, 930, 0, 601, 0
1.124, 672, 71, 0, 1000, 0, 640, 0, 676, 18, 0, 947, 0, 604, 0
1.134, 672, 75, 0, 1000, 0, 665, 0, 676, 21, 0, 955, 0, 625, 0
1.144, 672, 75, 0, 1000, 0, 665, 0, 675, 24, 0, 963, 0, 627, 0
1.154, 674, 77, 0, 1000, 0, 667, 0, 674, 27, 0, 969, 0, 637, 0
1.164, 678, 89, 0, 1000, 0, 702, 0, 674, 31, 0, 973, 0, 647, 0
1.174, 680, 94, 0, 1000, 0, 737, 0, 673, 34, 0, 979, 0, 658, 0
1.184, 680, 94, 0, 1000, 0, 737, 0, 673, 37, 0, 980, 0, 665, 0
1.194, 680, 97, 0, 1000, 0, 748, 0, 672, 40, 0, 983, 0, 686, 0
1.204, 681, 99, 0, 1000, 0, 751, 0, 672, 44, 0, 985, 0, 697, 0
1.214, 681, 99, 0, 1000, 0, 751, 0, 671, 48, 0, 987, 0, 713, 0
1.224, 682, 102, 0, 1000, 0, 754, 0, 671, 52, 0, 987, 0, 723, 0
1.234, 683, 105, 0, 1000, 0, 762, 0, 671, 56, 0, 991, 0, 736, 0
1.244, 683, 105, 0, 1000, 0, 762, 0, 672, 59, 0, 992, 0, 739, 0
1.255, 685, 108, 0, 1000, 0, 770, 0, 672, 62, 0, 993, 0, 751, 0
1.265, 681, 107, 0, 1000, 0, 775, 0, 673, 66, 0, 994, 0, 755, 0
1.275, 677, 105, 0, 1000, 0, 770, 0, 674, 69, 0, 995, 0, 764, 0
1.285, 677, 105, 0, 1000, 0, 770, 0, 675, 73, 0, 995, 0, 767, 0
1.295, 678, 107, 0, 1000, 0, 779, 0, 676, 76, 0, 997, 0, 776, 0
1.304, 678, 107, 0, 1000, 0, 779, 0, 677, 80, 0, 998, 0, 778, 0
1.315, 678, 107, 0, 1000, 0, 779, 0, 678, 83, 0, 995, 0, 786, 0
1.324, 678, 108, 0, 1000, 0, 786, 0, 679, 86, 0, 996, 0, 786, 0
1.334, 678, 108, 0, 1000, 0, 787, 0, 680, 89, 0, 998, 0, 788, 0
1.344, 672, 105, 0, 1000, 0, 787, 0, 681, 93, 0, 999, 0, 792, 0
1.354, 672, 105, 0, 1000, 0, 787, 0, 682, 96, 0, 996, 0, 798, 0
1.364, 667, 105, 0, 1000, 0, 793, 0, 683, 99, 0, 996, 0, 798, 0
1.374, 665, 100, 0, 1000, 0, 792, 0, 684, 103, 0, 996, 0, 800, 0
1.385, 665, 100, 0, 1000, 0, 792, 0, 684, 106, 0, 998, 0, 804, 0
1.394, 669, 107, 0, 1000, 0, 801, 0, 684, 109, 0, 998, 0, 810, 0
1.404, 664, 103, 0, 1000, 0, 798, 0, 684, 111, 0, 998, 0, 811, 0
1.415, 664, 103, 0, 1000, 0, 798, 0, 683, 112, 0, 999, 0, 812, 0
1.425, 666, 107, 0, 1000, 0, 799, 0, 683, 112, 0, 995, 0, 813, 0
1.434, 667, 109, 0, 1000, 0, 800, 0, 683, 113, 0, 994, 0, 813, 0
1.444, 666, 109, 0, 1000, 0, 796, 0, 683, 114, 0, 994, 0, 814, 0
1.454, 666, 109, 0, 1000, 0, 796, 0, 682, 116, 0, 995, 0, 816, 0
1.464, 670, 115, 0, 1000, 0, 801, 0, 681, 117, 0, 995, 0, 816, 0
1.474, 670, 112, 0, 1000, 0, 808, 0, 680, 117, 0, 995, 0, 817, 0
1.484, 670, 112, 0, 1000, 0, 808, 0, 679, 117, 0, 995, 0, 818, 0
1.494, 676, 120, 0, 1000, 0, 807, 0, 679, 117, 0, 996, 0, 819, 0
1.505, 676, 121, 0, 1000, 0, 803, 0, 678, 118, 0, 996, 0, 819, 0
1.515, 676, 121, 0, 1000, 0, 803, 0, 677, 118, 0, 996, 0, 821, 0
1.524, 681, 126, 0, 1000, 0, 806, 0, 676, 118, 0, 997, 0, 823, 0
1.534, 677, 124, 0, 1000, 0, 797, 0, 676, 119, 0, 997, 0, 822, 0
1.544, 684, 128, 0, 1000, 0, 807, 0, 675, 119, 0, 997, 0, 823, 0
1.554, 684, 128, 0, 1000, 0, 807, 0, 675, 119, 0, 997, 0, 823, 0
1.564, 684, 130, 0, 1000, 0, 806, 0, 675, 119, 0, 998, 0, 823, 0
1.574, 686, 130, 0, 1000, 0, 809, 0, 674, 119, 0, 998, 0, 824, 0
1.584, 686, 130, 0, 1000, 0, 809, 0, 674, 119, 0, 998, 0, 824, 0
1.594, 685, 130, 0, 1000, 0, 809, 0, 674, 119, 0, 998, 0, 825, 0
1.605, 683, 128, 0, 1000, 0, 806, 0, 675, 119, 0, 998, 0, 826, 0
1.615, 683, 128, 0, 1000, 0, 806, 0, 675, 119, 0, 998, 0, 827, 0
1.625, 685, 130, 0, 1000, 0, 810, 0, 675, 119, 0, 998, 0, 827, 0
1.635, 682, 126, 0, 1000, 0, 804, 0, 676, 119, 0, 998, 0, 827, 0
1.645, 682, 126, 0, 1000, 0, 804, 0, 676, 119, 0, 998, 0, 828, 0
1.654, 685, 128, 0, 1000, 0, 811, 0, 677, 119, 0, 999, 0, 826, 0
1.664, 682, 125, 0, 1000, 0, 809, 0, 677, 119, 0, 999, 0, 826, 0
1.675, 679, 123, 0, 1000, 0, 808, 0, 678, 119, 0, 999, 0, 826, 0
1.684, 679, 123, 0, 1000, 0, 808, 0, 678, 119, 0, 999, 0, 826, 0
1.694, 679, 123, 0, 1000, 0, 811, 0, 678, 119, 0, 999, 0, 826, 0
1.704, 680, 123, 0, 1000, 0, 811, 0, 679, 119, 0, 998, 0, 826, 0
1.714, 680, 123, 0, 1000, 0, 811, 0, 679, 119, 0, 998, 0, 827, 0
1.724, 677, 120, 0, 1000, 0, 812, 0, 679, 119, 0, 998, 0, 827, 0
1.734, 675, 117, 0, 1000, 0, 812, 0, 679, 119, 0, 998, 0, 828, 0
1.744, 677, 119, 0, 1000, 0, 817, 0, 679, 119, 0, 997, 0, 828, 0
1.755, 677, 119, 0, 1000, 0, 817, 0, 679, 120, 0, 997, 0, 828, 0
1.764, 675, 118, 0, 1000, 0, 815, 0, 679, 120, 0, 997, 0, 829, 0
1.774, 676, 118, 0, 1000, 0, 819, 0, 679, 120, 0, 997, 0, 829, 0
1.784, 676, 118, 0, 1000, 0, 819, 0, 678, 120, 0, 997, 0, 829, 0
1.794, 674, 118, 0, 1000, 0, 813, 0, 678, 121, 0, 997, 0, 839, 0
1.804, 680, 124, 0, 1000, 0, 823, 0, 677, 121, 0, 996, 0, 837, 0
1.814, 680, 124, 0, 1000, 0, 823, 0, 677, 121, 0, 996, 0, 837, 0
1.824, 676, 119, 0, 1000, 0, 813, 0, 676, 121, 0, 996, 0, 837, 0
1.834, 678, 120, 0, 1000, 0, 816, 0, 676, 121, 0, 997, 0, 837, 0
1.844, 680, 124, 0, 1000, 0, 821, 0, 675, 121, 0, 997, 0, 837, 0
1.854, 680, 124, 0, 1000, 0, 821, 0, 675, 122, 0, 997, 0, 837, 0
1.864, 679, 124, 0, 1000, 0, 813, 0, 674, 122, 0, 998, 0, 837, 0
1.874, 682, 127, 0, 1000, 0, 817, 0, 674, 122, 0, 998, 0, 837, 0
1.885, 682, 127, 0, 1000, 0, 817, 0, 673, 122, 0, 998, 0, 837, 0
1.897, 683, 127, 0, 1000, 0, 814, 0, 674, 122, 0, 998, 0, 837, 0
1.905, 685, 129, 0, 1000, 0, 817, 0, 673, 122, 0, 998, 0, 837, 0
1.916, 685, 129, 0, 1000, 0, 817, 0, 673, 122, 0, 998, 0, 836, 0
1.926, 686, 129, 0, 1000, 0, 819, 0, 673, 122, 0, 998, 0, 836, 0
1.935, 686, 129, 0, 1000, 0, 819, 0, 673, 121, 0, 998, 0, 836, 0
1.945, 686, 129, 0, 1000, 0, 819, 0, 673, 121, 0, 998, 0, 836, 0
1.956, 684, 128, 0, 1000, 0, 815, 0, 674, 121, 0, 998, 0, 836, 0
1.965, 684, 129, 0, 1000, 0, 809, 0, 674, 121, 0, 998, 0, 836, 0
1.975, 687, 130, 0, 1000, 0, 818, 0, 674, 121, 0, 998, 0, 836, 0
1.985, 687, 130, 0, 1000, 0, 818, 0, 675, 121, 0, 998, 0, 835, 0
1.995, 686, 130, 0, 1000, 0, 814, 0, 675, 121, 0, 997, 0, 834, 0
2.005, 686, 130, 0, 1000, 0, 821, 0, 675, 120, 0, 998, 0, 834, 0
2.014, 686, 130, 0, 1000, 0, 821, 0, 675, 120, 0, 998, 0, 834, 0
2.024, 684, 128, 0, 1000, 0, 817, 0, 676, 120, 0, 997, 0, 834, 0
2.034, 686, 129, 0, 1000, 0, 819, 0, 676, 120, 0, 997, 0, 834, 0
2.044, 686, 129, 0, 1000, 0, 819, 0, 676, 121, 0, 996, 0, 833, 0
2.055, 685, 129, 0, 1000, 0, 818, 0, 676, 120, 0, 996, 0, 834, 0
2.065, 682, 126, 0, 1000, 0, 817, 0, 676, 121, 0, 995, 0, 833, 0
2.074, 682, 124, 0, 1000, 0, 817, 0, 676, 121, 0, 995, 0, 834, 0
2.085, 682, 124, 0, 1000, 0, 817, 0, 676, 121, 0, 995, 0, 833, 0
2.094, 683, 125, 0, 1000, 0, 819, 0, 676, 121, 0, 994, 0, 833, 0
2.104, 684, 125, 0, 1000, 0, 821, 0, 676, 121, 0, 994, 0, 832, 0
2.114, 684, 125, 0, 1000, 0, 821, 0, 675, 122, 0, 993, 0, 832, 0
2.124, 684, 125, 0, 1000, 0, 821, 0, 675, 122, 0, 993, 0, 832, 0
2.134, 684, 125, 0, 1000, 0, 826, 0, 675, 122, 0, 993, 0, 833, 0
2.144, 684, 124, 0, 1000, 0, 823, 0, 675, 122, 0, 992, 0, 833, 0
2.154, 684, 124, 0, 1000, 0, 823, 0, 674, 122, 0, 992, 0, 834, 0
2.164, 684, 123, 0, 1000, 0, 824, 0, 674, 122, 0, 991, 0, 835, 0
2.175, 685, 124, 0, 1000, 0, 823, 0, 674, 122, 0, 991, 0, 836, 0
2.186, 685, 124, 0, 1000, 0, 823, 0, 674, 123, 0, 991, 0, 836, 0
2.196, 686, 125, 0, 1000, 0, 825, 0, 673, 123, 0, 991, 0, 836, 0
2.205, 684, 123, 0, 1000, 0, 820, 0, 673, 123, 0, 991, 0, 837, 0
2.214, 684, 123, 0, 1000, 0, 820, 0, 673, 123, 0, 991, 0, 837, 0
2.224, 686, 125, 0, 1000, 0, 824, 0, 673, 123, 0, 991, 0, 837, 0
2.234, 686, 125, 0, 1000, 0, 822, 0, 673, 123, 0, 991, 0, 837, 0
2.244, 688, 127, 0, 1000, 0, 825, 0, 673, 123, 0, 991, 0, 837, 0
2.254, 688, 127, 0, 1000, 0, 825, 0, 673, 122, 0, 991, 0, 837, 0
2.264, 687, 126, 0, 1000, 0, 823, 0, 673, 122, 0, 991, 0, 837, 0
2.274, 689, 127, 0, 1000, 0, 826, 0, 673, 122, 0, 991, 0, 838, 0
2.284, 689, 127, 0, 1000, 0, 826, 0, 673, 122, 0, 991, 0, 838, 0
2.295, 690, 130, 0, 1000, 0, 826, 0, 673, 122, 0, 992, 0, 838, 0
2.304, 687, 127, 0, 1000, 0, 821, 0, 673, 122, 0, 992, 0, 838, 0
2.314, 687, 127, 0, 1000, 0, 821, 0, 674, 121, 0, 992, 0, 839, 0
2.325, 692, 131, 0, 1000, 0, 827, 0, 674, 122, 0, 992, 0, 839, 0
2.334, 692, 133, 0, 1000, 0, 828, 0, 674, 121, 0, 992, 0, 839, 0
2.344, 692, 133, 0, 1000, 0, 828, 0, 674, 121, 0, 992, 0, 839, 0
2.354, 689, 129, 0, 1000, 0, 819, 0, 674, 121, 0, 992, 0, 840, 0
2.364, 692, 132, 0, 1000, 0, 824, 0, 674, 121, 0, 992, 0, 840, 0
2.374, 694, 135, 0, 1000, 0, 828, 0, 674, 121, 0, 992, 0, 840, 0
2.384, 694, 135, 0, 1000, 0, 828, 0, 675, 121, 0, 992, 0, 840, 0
2.394, 691, 132, 0, 1000, 0, 825, 0, 675, 121, 0, 992, 0, 840, 0
2.404, 693, 133, 0, 1000, 0, 827, 0, 674, 121, 0, 992, 0, 840, 0
2.415, 693, 133, 0, 1000, 0, 827, 0, 674, 121, 0, 992, 0, 840, 0
2.425, 693, 132, 0, 1000, 0, 828, 0, 674, 122, 0, 991, 0, 840, 0
2.434, 692, 131, 0, 1000, 0, 826, 0, 674, 122, 0, 992, 0, 840, 0
2.445, 692, 130, 0, 1000, 0, 828, 0, 674, 122, 0, 991, 0, 840, 0
2.455, 692, 130, 0, 1000, 0, 828, 0, 674, 122, 0, 991, 0, 840, 0
2.464, 691, 129, 0, 1000, 0, 825, 0, 673, 122, 0, 991, 0, 840, 0
2.475, 692, 129, 0, 1000, 0, 827, 0, 673, 122, 0, 991, 0, 840, 0
2.485, 692, 129, 0, 1000, 0, 827, 0, 673, 122, 0, 991, 0, 840, 0
2.494, 694, 130, 0, 1000, 0, 829, 0, 673, 122, 0, 991, 0, 840, 0
2.504, 690, 126, 0, 1000, 0, 826, 0, 673, 123, 0, 991, 0, 840, 0
2.514, 690, 126, 0, 1000, 0, 826, 0, 672, 123, 0, 990, 0, 840, 0
2.524, 690, 126, 0, 1000, 0, 827, 0, 672, 123, 0, 991, 0, 840, 0
2.534, 691, 126, 0, 1000, 0, 829, 0, 672, 123, 0, 991, 0, 840, 0
2.544, 691, 126, 0, 1000, 0, 829, 0, 672, 123, 0, 991, 0, 840, 0
2.554, 691, 126, 0, 1000, 0, 829, 0, 672, 123, 0, 990, 0, 840, 0
2.564, 692, 127, 0, 1000, 0, 829, 0, 672, 123, 0, 990, 0, 840, 0
2.574, 691, 126, 0, 1000, 0, 830, 0, 672, 123, 0, 990, 0, 840, 0
2.584, 691, 126, 0, 1000, 0, 830, 0, 673, 123, 0, 990, 0, 840, 0
2.594, 692, 126, 0, 1000, 0, 831, 0, 673, 122, 0, 990, 0, 840, 0
2.604, 690, 125, 0, 1000, 0, 830, 0, 673, 122, 0, 990, 0, 840, 0
2.614, 690, 125, 0, 1000, 0, 830, 0, 673, 122, 0, 990, 0, 840, 0
2.624, 693, 128, 0, 1000, 0, 830, 0, 673, 122, 0, 990, 0, 840, 0
2.636, 693, 129, 0, 1000, 0, 831, 0, 673, 122, 0, 990, 0, 841, 0
2.644, 692, 127, 0, 1000, 0, 831, 0, 673, 121, 0, 990, 0, 840, 0
2.654, 692, 127, 0, 1000, 0, 831, 0, 673, 122, 0, 990, 0, 841, 0
2.664, 693, 130, 0, 1000, 0, 830, 0, 673, 121, 0, 990, 0, 842, 0
2.674, 693, 131, 0, 1000, 0, 831, 0, 673, 121, 0, 990, 0, 842, 0
2.684, 693, 131, 0, 1000, 0, 831, 0, 673, 121, 0, 990, 0, 842, 0
2.694, 697, 133, 0, 1000, 0, 836, 0, 673, 121, 0, 990, 0, 842, 0
2.704, 697, 133, 0, 1000, 0, 832, 0, 673, 121, 0, 990, 0, 843, 0
2.714, 697, 133, 0, 1000, 0, 832, 0, 673, 121, 0, 990, 0, 843, 0
2.724, 696, 132, 0, 1000, 0, 828, 0, 673, 121, 0, 990, 0, 843, 0
2.734, 699, 135, 0, 1000, 0, 832, 0, 673, 121, 0, 990, 0, 843, 0
2.744, 698, 135, 0, 1000, 0, 831, 0, 673, 121, 0, 990, 0, 843, 0
2.754, 698, 135, 0, 1000, 0, 831, 0, 673, 121, 0, 992, 0, 843, 0
2.764, 699, 135, 0, 1000, 0, 832, 0, 672, 121, 0, 993, 0, 843, 0
2.774, 699, 134, 0, 1000, 0, 833, 0, 672, 121, 0, 994, 0, 843, 0
2.784, 699, 134, 0, 1000, 0, 833, 0, 672, 122, 0, 994, 0, 843, 0
2.794, 698, 132, 0, 1000, 0, 831, 0, 672, 122, 0, 994, 0, 844, 0
2.804, 699, 133, 0, 1000, 0, 834, 0, 672, 122, 0, 994, 0, 844, 0
2.814, 699, 133, 0, 1000, 0, 834, 0, 672, 122, 0, 995, 0, 844, 0
2.824, 699, 134, 0, 1000, 0, 832, 0, 672, 122, 0, 995, 0, 845, 0
2.834, 699, 134, 0, 1000, 0, 832, 0, 671, 122, 0, 995, 0, 845, 0
2.844, 700, 131, 0, 1000, 0, 835, 0, 672, 122, 0, 995, 0, 845, 0
2.854, 700, 131, 0, 1000, 0, 835, 0, 672, 122, 0, 995, 0, 845, 0
2.864, 697, 129, 0, 1000, 0, 831, 0, 672, 122, 0, 996, 0, 845, 0
2.874, 697, 129, 0, 1000, 0, 831, 0, 672, 123, 0, 996, 0, 846, 0
2.884, 697, 129, 0, 1000, 0, 831, 0, 672, 122, 0, 996, 0, 846, 0
2.895, 698, 130, 0, 1000, 0, 835, 0, 672, 122, 0, 996, 0, 846, 0
2.904, 698, 131, 0, 1000, 0, 836, 0, 672, 123, 0, 996, 0, 846, 0
2.914, 698, 131, 0, 1000, 0, 836, 0, 672, 122, 0, 996, 0, 847, 0
2.924, 695, 127, 0, 1000, 0, 834, 0, 673, 122, 0, 996, 0, 847, 0
2.934, 696, 127, 0, 1000, 0, 834, 0, 673, 122, 0, 997, 0, 847, 0
2.945, 696, 128, 0, 1000, 0, 835, 0, 673, 122, 0, 997, 0, 847, 0
2.954, 696, 128, 0, 1000, 0, 835, 0, 673, 122, 0, 997, 0, 848, 0
2.964, 696, 128, 0, 1000, 0, 835, 0, 673, 122, 0, 997, 0, 848, 0
2.974, 696, 129, 0, 1000, 0, 836, 0, 674, 122, 0, 997, 0, 848, 0
2.984, 696, 129, 0, 1000, 0, 836, 0, 674, 121, 0, 997, 0, 848, 0
2.995, 696, 129, 0, 1000, 0, 836, 0, 674, 122, 0, 997, 0, 848, 0
3.005, 699, 131, 0, 1000, 0, 839, 0, 674, 121, 0, 998, 0, 848, 0
3.015, 699, 131, 0, 1000, 0, 839, 0, 674, 121, 0, 998, 0, 848, 0
3.027, 696, 131, 0, 1000, 0, 833, 0, 674, 121, 0, 998, 0, 849, 0
3.035, 699, 132, 0, 1000, 0, 837, 0, 674, 121, 0, 997, 0, 849, 0
3.044, 699, 132, 0, 1000, 0, 837, 0, 674, 121, 0, 998, 0, 849, 0
3.054, 700, 133, 0, 1000, 0, 838, 0, 674, 121, 0, 998, 0, 849, 0
3.064, 699, 133, 0, 1000, 0, 834, 0, 674, 121, 0, 998, 0, 849, 0
3.074, 701, 134, 0, 1000, 0, 836, 0, 674, 121, 0, 998, 0, 849, 0
3.084, 701, 134, 0, 1000, 0, 836, 0, 674, 121, 0, 998, 0, 849, 0
3.094, 704, 138, 0, 1000, 0, 837, 0, 674, 121, 0, 998, 0, 849, 0
3.104, 705, 138, 0, 1000, 0, 839, 0, 674, 121, 0, 998, 0, 849, 0
3.114, 705, 138, 0, 1000, 0, 839, 0, 675, 122, 0, 998, 0, 849, 0
3.125, 705, 136, 0, 1000, 0, 838, 0, 676, 122, 0, 998, 0, 849, 0
3.134, 706, 138, 0, 1000, 0, 838, 0, 677, 122, 0, 998, 0, 849, 0
3.144, 706, 138, 0, 1000, 0, 838, 0, 678, 122, 0, 998, 0, 849, 0
3.154, 706, 138, 0, 1000, 0, 838, 0, 678, 122, 0, 997, 0, 849, 0
3.165, 707, 136, 0, 1000, 0, 840, 0, 679, 122, 0, 997, 0, 849, 0
3.175, 706, 136, 0, 1000, 0, 839, 0, 680, 122, 0, 997, 0, 849, 0
3.184, 706, 136, 0, 1000, 0, 839, 0, 682, 122, 0, 997, 0, 849, 0
3.195, 704, 134, 0, 1000, 0, 836, 0, 683, 123, 0, 997, 0, 849, 0
3.204, 705, 134, 0, 1000, 0, 838, 0, 685, 122, 0, 997, 0, 849, 0
3.214, 705, 134, 0, 1000, 0, 838, 0, 686, 123, 0, 997, 0, 849, 0
3.225, 705, 134, 0, 1000, 0, 839, 0, 687, 123, 0, 997, 0, 849, 0
3.234, 707, 135, 0, 1000, 0, 842, 0, 689, 123, 0, 997, 0, 849, 0
3.245, 706, 133, 0, 1000, 0, 841, 0, 690, 123, 0, 996, 0, 849, 0
3.254, 706, 133, 0, 1000, 0, 841, 0, 692, 123, 0, 996, 0, 849, 0
3.264, 705, 133, 0, 1000, 0, 840, 0, 693, 123, 0, 996, 0, 849, 0
3.274, 705, 132, 0, 1000, 0, 839, 0, 694, 123, 0, 996, 0, 849, 0
3.284, 705, 132, 0, 1000, 0, 839, 0, 695, 123, 0, 996, 0, 849, 0
3.294, 706, 133, 0, 1000, 0, 842, 0, 697, 123, 0, 996, 0, 849, 0
3.306, 707, 134, 0, 1000, 0, 844, 0, 698, 123, 0, 995, 0, 849, 0
3.314, 707, 134, 0, 1000, 0, 844, 0, 699, 123, 0, 995, 0, 849, 0
3.324, 707, 134, 0, 1000, 0, 843, 0, 701, 123, 0, 996, 0, 849, 0
3.334, 708, 134, 0, 1000, 0, 845, 0, 702, 123, 0, 995, 0, 849, 0
3.345, 708, 135, 0, 1000, 0, 841, 0, 703, 123, 0, 995, 0, 851, 0
3.354, 708, 135, 0, 1000, 0, 841, 0, 704, 123, 0, 995, 0, 852, 0
3.364, 709, 135, 0, 1000, 0, 841, 0, 705, 123, 0, 995, 0, 852, 0
3.374, 711, 137, 0, 1000, 0, 844, 0, 706, 123, 0, 995, 0, 852, 0
3.384, 711, 137, 0, 1000, 0, 844, 0, 707, 123, 0, 995, 0, 852, 0
3.394, 712, 138, 0, 1000, 0, 843, 0, 708, 123, 0, 995, 0, 853, 0
3.405, 715, 140, 0, 1000, 0, 846, 0, 709, 123, 0, 995, 0, 853, 0
3.414, 715, 140, 0, 1000, 0, 846, 0, 710, 124, 0, 995, 0, 853, 0
3.424, 715, 141, 0, 1000, 0, 843, 0, 711, 124, 0, 995, 0, 854, 0
3.435, 718, 144, 0, 1000, 0, 847, 0, 712, 124, 0, 995, 0, 854, 0
3.445, 718, 143, 0, 1000, 0, 846, 0, 713, 124, 0, 996, 0, 854, 0
3.454, 718, 143, 0, 1000, 0, 846, 0, 714, 124, 0, 995, 0, 854, 0
3.464, 720, 145, 0, 1000, 0, 847, 0, 715, 125, 0, 996, 0, 854, 0
3.474, 720, 145, 0, 1000, 0, 845, 0, 716, 125, 0, 996, 0, 854, 0
3.484, 720, 145, 0, 1000, 0, 845, 0, 717, 125, 0, 996, 0, 855, 0
3.494, 721, 145, 0, 1000, 0, 847, 0, 719, 126, 0, 996, 0, 855, 0
3.505, 722, 151, 0, 1000, 0, 843, 0, 720, 127, 0, 996, 0, 855, 0
3.514, 722, 151, 0, 1000, 0, 843, 0, 721, 127, 0, 996, 0, 855, 0
3.524, 727, 149, 0, 1000, 0, 850, 0, 722, 128, 0, 996, 0, 855, 0
3.534, 726, 149, 0, 1000, 0, 849, 0, 723, 128, 0, 996, 0, 855, 0
3.544, 726, 149, 0, 1000, 0, 848, 0, 725, 129, 0, 996, 0, 855, 0
3.554, 726, 149, 0, 1000, 0, 848, 0, 726, 130, 0, 996, 0, 855, 0
3.564, 727, 148, 0, 1000, 0, 848, 0, 727, 131, 0, 996, 0, 856, 0
3.574, 726, 148, 0, 1000, 0, 848, 0, 728, 132, 0, 996, 0, 855, 0
3.584, 726, 148, 0, 1000, 0, 848, 0, 729, 132, 0, 996, 0, 856, 0
3.594, 727, 147, 0, 1000, 0, 852, 0, 730, 133, 0, 996, 0, 855, 0
3.604, 724, 146, 0, 1000, 0, 848, 0, 732, 134, 0, 996, 0, 855, 0
3.614, 724, 146, 0, 1000, 0, 848, 0, 733, 135, 0, 996, 0, 855, 0
3.624, 727, 147, 0, 1000, 0, 851, 0, 734, 135, 0, 996, 0, 855, 0
3.634, 728, 148, 0, 1000, 0, 853, 0, 735, 136, 0, 996, 0, 856, 0
3.644, 729, 148, 0, 1000, 0, 857, 0, 737, 137, 0, 996, 0, 856, 0
3.654, 729, 148, 0, 1000, 0, 857, 0, 738, 137, 0, 996, 0, 856, 0
3.665, 728, 148, 0, 1000, 0, 856, 0, 739, 138, 0, 996, 0, 863, 0
3.675, 726, 148, 0, 1000, 0, 852, 0, 740, 139, 0, 996, 0, 865, 0
3.684, 726, 148, 0, 1000, 0, 852, 0, 741, 140, 0, 996, 0, 865, 0
3.695, 729, 149, 0, 1000, 0, 854, 0, 742, 140, 0, 995, 0, 866, 0
3.704, 729, 149, 0, 1000, 0, 853, 0, 743, 141, 0, 997, 0, 865, 0
3.714, 729, 149, 0, 1000, 0, 853, 0, 744, 141, 0, 997, 0, 866, 0
3.724, 756, 164, 0, 1000, 0, 874, 0, 745, 142, 0, 998, 0, 866, 0
3.734, 757, 166, 0, 1000, 0, 892, 0, 745, 143, 0, 999, 0, 865, 0
3.744, 742, 158, 0, 1000, 0, 891, 0, 746, 144, 0, 999, 0, 872, 0
3.754, 742, 158, 0, 1000, 0, 891, 0, 747, 144, 0, 1000, 0, 871, 0
3.764, 742, 159, 0, 1000, 0, 889, 0, 747, 145, 0, 1000, 0, 875, 0
3.774, 710, 143, 0, 1000, 0, 869, 0, 748, 146, 0, 1000, 0, 883, 0
3.784, 710, 143, 0, 1000, 0, 869, 0, 749, 146, 0, 1001, 0, 883, 0
3.794, 743, 161, 0, 1000, 0, 886, 0, 750, 147, 0, 1001, 0, 888, 0
3.804, 745, 164, 0, 1000, 0, 891, 0, 750, 148, 0, 1002, 0, 882, 0
3.814, 745, 164, 0, 1000, 0, 891, 0, 750, 148, 0, 1001, 0, 884, 0
3.824, 748, 165, 0, 1000, 0, 890, 0, 751, 149, 0, 1001, 0, 883, 0
3.835, 747, 167, 0, 1000, 0, 892, 0, 751, 150, 0, 1002, 0, 885, 0
3.844, 744, 164, 0, 1000, 0, 888, 0, 752, 150, 0, 1003, 0, 893, 0
3.854, 744, 164, 0, 1000, 0, 888, 0, 752, 151, 0, 1003, 0, 894, 0
3.864, 744, 165, 0, 1000, 0, 889, 0, 753, 152, 0, 1000, 0, 895, 0
3.874, 747, 167, 0, 1000, 0, 889, 0, 753, 153, 0, 999, 0, 895, 0
3.885, 747, 167, 0, 1000, 0, 889, 0, 753, 153, 0, 1000, 0, 894, 0
3.895, 749, 167, 0, 1000, 0, 892, 0, 753, 154, 0, 1001, 0, 896, 0
3.904, 746, 167, 0, 1000, 0, 890, 0, 754, 155, 0, 1001, 0, 896, 0
3.914, 746, 167, 0, 1000, 0, 890, 0, 755, 155, 0, 1002, 0, 896, 0
3.924, 748, 168, 0, 1000, 0, 894, 0, 755, 156, 0, 1002, 0, 897, 0
3.934, 748, 168, 0, 1000, 0, 894, 0, 755, 157, 0, 1002, 0, 897, 0
3.944, 746, 166, 0, 1000, 0, 891, 0, 755, 157, 0, 1003, 0, 898, 0
3.954, 746, 166, 0, 1000, 0, 891, 0, 756, 158, 0, 1003, 0, 899, 0
3.964, 746, 165, 0, 1000, 0, 891, 0, 756, 158, 0, 1003, 0, 899, 0
3.974, 747, 165, 0, 1000, 0, 893, 0, 757, 159, 0, 1003, 0, 899, 0
3.984, 747, 165, 0, 1000, 0, 893, 0, 757, 160, 0, 1003, 0, 900, 0
3.994, 744, 164, 0, 1000, 0, 888, 0, 758, 160, 0, 1003, 0, 900, 0
4.004, 748, 166, 0, 1000, 0, 894, 0, 758, 161, 0, 1003, 0, 900, 0
4.014, 748, 166, 0, 1000, 0, 894, 0, 759, 162, 0, 1003, 0, 900, 0
4.024, 745, 165, 0, 1000, 0, 894, 0, 759, 162, 0, 1003, 0, 901, 0
4.034, 746, 165, 0, 1000, 0, 894, 0, 759, 163, 0, 1002, 0, 901, 0
4.044, 747, 166, 0, 1000, 0, 896, 0, 759, 163, 0, 1001, 0, 901, 0
4.054, 747, 166, 0, 1000, 0, 896, 0, 760, 164, 0, 1001, 0, 902, 0
4.064, 747, 166, 0, 1000, 0, 896, 0, 760, 165, 0, 1001, 0, 902, 0
4.074, 748, 168, 0, 1000, 0, 898, 0, 760, 166, 0, 1001, 0, 902, 0
4.085, 748, 168, 0, 1000, 0, 898, 0, 761, 166, 0, 1001, 0, 901, 0
4.094, 766, 176, 0, 1000, 0, 907, 0, 761, 167, 0, 1001, 0, 901, 0
4.105, 750, 168, 0, 1000, 0, 896, 0, 761, 167, 0, 1001, 0, 901, 0
4.114, 750, 168, 0, 1000, 0, 896, 0, 762, 168, 0, 1001, 0, 905, 0
4.125, 749, 169, 0, 1000, 0, 895, 0, 762, 169, 0, 1001, 0, 906, 0
4.134, 742, 167, 0, 1000, 0, 893, 0, 762, 169, 0, 1001, 0, 906, 0
4.144, 752, 170, 0, 1000, 0, 896, 0, 762, 170, 0, 1000, 0, 906, 0
4.155, 752, 170, 0, 1000, 0, 896, 0, 762, 171, 0, 1001, 0, 903, 0
4.164, 772, 181, 0, 1000, 0, 909, 0, 763, 171, 0, 1001, 0, 903, 0
4.174, 754, 174, 0, 1000, 0, 898, 0, 763, 172, 0, 1001, 0, 903, 0
4.184, 754, 174, 0, 1000, 0, 898, 0, 763, 172, 0, 1001, 0, 904, 0
4.194, 773, 183, 0, 1000, 0, 911, 0, 763, 173, 0, 1001, 0, 905, 0
4.204, 754, 174, 0, 1000, 0, 898, 0, 764, 174, 0, 1001, 0, 904, 0
4.214, 754, 174, 0, 1000, 0, 898, 0, 764, 174, 0, 1001, 0, 904, 0
4.224, 757, 175, 0, 1000, 0, 899, 0, 764, 175, 0, 1001, 0, 905, 0
4.234, 757, 176, 0, 1000, 0, 899, 0, 765, 175, 0, 1001, 0, 904, 0
4.246, 734, 162, 0, 1000, 0, 881, 0, 765, 176, 0, 1001, 0, 904, 0
4.254, 734, 162, 0, 1000, 0, 881, 0, 766, 177, 0, 1001, 0, 904, 0
4.265, 751, 172, 0, 1000, 0, 874, 0, 766, 177, 0, 1001, 0, 904, 0
4.275, 751, 172, 0, 1000, 0, 874, 0, 766, 178, 0, 1001, 0, 904, 0
4.285, 751, 172, 0, 1000, 0, 874, 0, 766, 178, 0, 1001, 0, 895, 0
4.295, 752, 173, 0, 1000, 0, 875, 0, 767, 179, 0, 1001, 0, 895, 0
4.306, 752, 173, 0, 1000, 0, 875, 0, 767, 179, 0, 1001, 0, 893, 0
4.315, 752, 173, 0, 1000, 0, 875, 0, 767, 180, 0, 1000, 0, 886, 0
4.325, 752, 173, 0, 1000, 0, 876, 0, 768, 181, 0, 999, 0, 884, 0
4.335, 778, 185, 0, 1000, 0, 894, 0, 768, 181, 0, 998, 0, 884, 0
4.347, 757, 174, 0, 1000, 0, 898, 0, 768, 182, 0, 996, 0, 884, 0
4.356, 757, 174, 0, 1000, 0, 898, 0, 768, 183, 0, 994, 0, 883, 0
4.365, 756, 173, 0, 1000, 0, 896, 0, 768, 183, 0, 992, 0, 893, 0
4.375, 737, 160, 0, 1000, 0, 877, 0, 769, 183, 0, 991, 0, 892, 0
4.385, 737, 160, 0, 1000, 0, 877, 0, 769, 184, 0, 990, 0, 891, 0
4.395, 737, 161, 0, 1000, 0, 859, 0, 769, 184, 0, 990, 0, 889, 0
4.405, 758, 173, 0, 1000, 0, 878, 0, 769, 183, 0, 992, 0, 890, 0
4.415, 758, 173, 0, 1000, 0, 878, 0, 769, 183, 0, 993, 0, 890, 0
4.425, 759, 174, 0, 1000, 0, 897, 0, 768, 183, 0, 993, 0, 885, 0
4.435, 759, 174, 0, 1000, 0, 904, 0, 769, 184, 0, 993, 0, 885, 0
4.445, 758, 174, 0, 1000, 0, 902, 0, 769, 184, 0, 993, 0, 884, 0
4.454, 758, 174, 0, 1000, 0, 902, 0, 769, 184, 0, 993, 0, 895, 0
4.465, 735, 160, 0, 1000, 0, 884, 0, 768, 184, 0, 993, 0, 895, 0
4.475, 776, 183, 0, 1000, 0, 902, 0, 768, 183, 0, 992, 0, 895, 0
4.485, 776, 183, 0, 1000, 0, 902, 0, 768, 183, 0, 992, 0, 893, 0
4.495, 761, 175, 0, 1000, 0, 903, 0, 768, 183, 0, 993, 0, 894, 0
4.504, 760, 175, 0, 1000, 0, 899, 0, 768, 183, 0, 994, 0, 903, 0
4.514, 760, 175, 0, 1000, 0, 899, 0, 768, 183, 0, 994, 0, 903, 0
4.524, 760, 176, 0, 1000, 0, 899, 0, 768, 183, 0, 995, 0, 905, 0
4.534, 763, 179, 0, 1000, 0, 904, 0, 768, 183, 0, 995, 0, 903, 0
4.544, 763, 179, 0, 1000, 0, 905, 0, 767, 183, 0, 997, 0, 904, 0
4.554, 763, 179, 0, 1000, 0, 905, 0, 767, 183, 0, 999, 0, 906, 0
4.564, 764, 180, 0, 1000, 0, 904, 0, 767, 183, 0, 1000, 0, 907, 0
4.574, 762, 179, 0, 1000, 0, 902, 0, 767, 183, 0, 1001, 0, 908, 0
4.584, 762, 179, 0, 1000, 0, 902, 0, 767, 183, 0, 1001, 0, 909, 0
4.594, 756, 175, 0, 1000, 0, 884, 0, 767, 183, 0, 1002, 0, 909, 0
4.605, 784, 190, 0, 1000, 0, 902, 0, 767, 183, 0, 1003, 0, 910, 0
4.614, 784, 190, 0, 1000, 0, 902, 0, 767, 183, 0, 1004, 0, 907, 0
4.625, 764, 181, 0, 1000, 0, 905, 0, 767, 183, 0, 1003, 0, 902, 0
4.634, 763, 180, 0, 1000, 0, 903, 0, 767, 183, 0, 1003, 0, 904, 0
4.644, 741, 166, 0, 1000, 0, 885, 0, 767, 182, 0, 1002, 0, 904, 0
4.654, 741, 166, 0, 1000, 0, 885, 0, 767, 183, 0, 1001, 0, 907, 0
4.664, 758, 176, 0, 1000, 0, 878, 0, 767, 183, 0, 1000, 0, 906, 0
4.675, 780, 187, 0, 1000, 0, 896, 0, 767, 183, 0, 998, 0, 905, 0
4.684, 780, 187, 0, 1000, 0, 896, 0, 767, 183, 0, 998, 0, 902, 0
4.695, 763, 177, 0, 1000, 0, 904, 0, 767, 183, 0, 998, 0, 899, 0
4.705, 763, 177, 0, 1000, 0, 904, 0, 767, 183, 0, 998, 0, 898, 0
4.715, 763, 177, 0, 1000, 0, 904, 0, 767, 183, 0, 997, 0, 898, 0
4.725, 762, 176, 0, 1000, 0, 903, 0, 767, 183, 0, 996, 0, 898, 0
4.734, 749, 168, 0, 1000, 0, 885, 0, 767, 183, 0, 995, 0, 902, 0
4.744, 781, 185, 0, 1000, 0, 903, 0, 767, 183, 0, 994, 0, 903, 0
4.754, 781, 185, 0, 1000, 0, 903, 0, 767, 183, 0, 993, 0, 903, 0
4.764, 764, 176, 0, 1000, 0, 907, 0, 767, 183, 0, 993, 0, 903, 0
4.774, 764, 176, 0, 1000, 0, 908, 0, 767, 182, 0, 992, 0, 901, 0
4.784, 764, 176, 0, 1000, 0, 908, 0, 767, 183, 0, 993, 0, 902, 0
4.794, 763, 176, 0, 1000, 0, 907, 0, 767, 182, 0, 993, 0, 908, 0
4.804, 763, 176, 0, 1000, 0, 906, 0, 767, 182, 0, 993, 0, 910, 0
4.814, 763, 176, 0, 1000, 0, 906, 0, 767, 182, 0, 993, 0, 911, 0
4.824, 759, 173, 0, 1000, 0, 888, 0, 767, 182, 0, 993, 0, 911, 0
4.834, 759, 173, 0, 1000, 0, 881, 0, 767, 182, 0, 994, 0, 909, 0
4.844, 783, 186, 0, 1000, 0, 899, 0, 766, 182, 0, 995, 0, 910, 0
4.854, 783, 186, 0, 1000, 0, 899, 0, 766, 182, 0, 996, 0, 903, 0
4.864, 767, 180, 0, 1000, 0, 909, 0, 767, 182, 0, 997, 0, 903, 0
4.874, 763, 179, 0, 1000, 0, 906, 0, 766, 182, 0, 997, 0, 903, 0
4.884, 763, 179, 0, 1000, 0, 906, 0, 766, 182, 0, 998, 0, 903, 0
4.894, 761, 178, 0, 1000, 0, 889, 0, 766, 182, 0, 997, 0, 905, 0
4.904, 787, 191, 0, 1000, 0, 906, 0, 766, 182, 0, 997, 0, 905, 0
4.914, 787, 191, 0, 1000, 0, 906, 0, 766, 182, 0, 996, 0, 904, 0
4.924, 768, 182, 0, 1000, 0, 910, 0, 766, 182, 0, 996, 0, 904, 0
4.934, 768, 181, 0, 1000, 0, 907, 0, 766, 182, 0, 995, 0, 905, 0
4.944, 768, 181, 0, 1000, 0, 907, 0, 766, 182, 0, 995, 0, 905, 0
4.954, 768, 181, 0, 1000, 0, 907, 0, 766, 182, 0, 995, 0, 911, 0
4.964, 769, 181, 0, 1000, 0, 908, 0, 766, 182, 0, 995, 0, 912, 0
4.974, 768, 180, 0, 1000, 0, 906, 0, 766, 182, 0, 995, 0, 911, 0
4.984, 768, 180, 0, 1000, 0, 906, 0, 765, 182, 0, 995, 0, 912, 0
4.994, 770, 181, 0, 1000, 0, 908, 0, 766, 182, 0, 995, 0, 911, 0
5.004, 770, 181, 0, 1000, 0, 909, 0, 766, 182, 0, 997, 0, 912, 0
5.014, 770, 181, 0, 1000, 0, 909, 0, 766, 182, 0, 997, 0, 913, 0
5.024, 764, 178, 0, 1000, 0, 892, 0, 766, 182, 0, 998, 0, 913, 0
5.034, 763, 177, 0, 1000, 0, 885, 0, 766, 182, 0, 998, 0, 913, 0
5.044, 786, 189, 0, 1000, 0, 902, 0, 766, 182, 0, 999, 0, 913, 0
5.054, 786, 189, 0, 1000, 0, 902, 0, 766, 182, 0, 999, 0, 908, 0
5.064, 768, 180, 0, 1000, 0, 909, 0, 766, 182, 0, 999, 0, 907, 0
5.075, 769, 180, 0, 1000, 0, 910, 0, 766, 182, 0, 1000, 0, 907, 0
5.084, 769, 180, 0, 1000, 0, 910, 0, 766, 182, 0, 1000, 0, 907, 0
5.094, 762, 175, 0, 1000, 0, 893, 0, 766, 182, 0, 1000, 0, 909, 0
5.104, 787, 188, 0, 1000, 0, 910, 0, 766, 182, 0, 999, 0, 908, 0
5.114, 787, 188, 0, 1000, 0, 910, 0, 766, 182, 0, 999, 0, 908, 0
5.124, 768, 179, 0, 1000, 0, 909, 0, 766, 182, 0, 998, 0, 907, 0
5.134, 768, 179, 0, 1000, 0, 910, 0, 766, 182, 0, 998