t[microsec], x_fk, y_fk, z_fk, x_gt, y_gt, z_gt, distance
202780000, 4.049999963718751e-05, 0, 0.2699999955562501, 0.00931964621530626, 0.012176020515646695, 0.27562180512932344, 0.016308365122387772
202810000, 0.0026346034810288133, -0.0029218967318961147, 0.2699618463702201, 0.009335080191829326, 0.012133014857002154, 0.27562164285980545, 0.01742354864558441
202850000, 0.002684199376067285, -0.002951421065516535, 0.2699608618773782, 0.009399286562527337, 0.012134033818396249, 0.27561826438746306, 0.017454785823304803
202880000, 0.0027358018813154533, -0.002936847145854686, 0.26996052261199005, 0.009488157958307236, 0.012164127459584596, 0.27561567179003194, 0.017481832250954638
202910000, 0.0028237100059940617, -0.0028071782310252658, 0.26996071154408063, 0.009606508674640274, 0.012220640849791888, 0.275601869305521, 0.01742596812216239
202950000, 0.0028913538201871328, -0.0027820774441985776, 0.2699604909406669, 0.00968798280603822, 0.012269235481183194, 0.27560235812581546, 0.017451843790383066
202980000, 0.0029478858126431376, -0.0027906705913122373, 0.2699595859734703, 0.009745892148056517, 0.012289566205092757, 0.2755965473299379, 0.017475747918366077
203010000, 0.00297907484479756, -0.0028331596944290998, 0.26995819098289675, 0.009715277740729833, 0.012206997285082226, 0.2756006272199317, 0.01741895054567051
203050000, 0.0028572283063075478, -0.002777978863182054, 0.2699607518219053, 0.00955438417349766, 0.012150200298385254, 0.27562043882845433, 0.017312841673202902
203080000, 0.002688404057420196, -0.0028409736155394936, 0.26996181842296785, 0.00937115628504015, 0.01214618729830786, 0.27562030612345634, 0.017357783632995685
203110000, 0.002602900810669357, -0.0029373650978436385, 0.2699616796413194, 0.00918826760133798, 0.012121746065333568, 0.2756320676875639, 0.01738669564315088
203150000, 0.0024389059938755542, -0.002991356921551157, 0.26996308968510896, 0.009119018527757539, 0.012004293262017345, 0.2756418100369974, 0.017370702136880852
203180000, 0.0024304704997988877, -0.0030278551009390482, 0.26996271182074, 0.009217101317729737, 0.011967608153062664, 0.2756336835121818, 0.01740925604344249
203210000, 0.0026415403053883834, -0.003041951355329092, 0.26996049379463627, 0.009402634775578705, 0.011972474029338327, 0.27562322335244016, 0.01741298004683315
203250000, 0.002853464932621908, -0.002968447705715056, 0.2699583386452055, 0.009820051313589706, 0.012029668351963549, 0.27561316065186137, 0.017477237281963133
203280000, 0.0031758073227189554, -0.003022690226352881, 0.26995293305914225, 0.009924934922942635, 0.01207430865308573, 0.2756063668531763, 0.017476596127203887
203300000, 0.0031131125687446737, -0.0030096692603351176, 0.2699540936879829, 0.009893772270938489, 0.01211470586496996, 0.2756123652011292, 0.01751399741476471
203350000, 0.002919649048163479, -0.0027560073004746703, 0.26995965398237876, 0.009573943807139551, 0.012348988006263058, 0.2756116673455836, 0.017446655181259003
203370000, 0.0025917454795523357, -0.00267513309685247, 0.26996503040995884, 0.009247465005025463, 0.01247328169512097, 0.2756187496442257, 0.01748535427983555
203410000, 0.0024518266053092284, -0.0025870826774865388, 0.269968181706373, 0.009100105383311047, 0.012518582241870732, 0.27561018420133826, 0.01744170047670595
203450000, 0.0026174944203097017, -0.0026531845433702193, 0.2699643688961983, 0.009264541965647383, 0.01237940361313531, 0.27561858001172107, 0.01738194612498817
203480000, 0.0026804300130594035, -0.0027608948080342643, 0.2699631645774731, 0.009428521600914896, 0.012098969338740495, 0.27562308199383784, 0.01727388108384323
203510000, 0.0030219191327226446, -0.0030880925405844814, 0.269954016950489, 0.009706877014773962, 0.01197757208510384, 0.27560849165697776, 0.01742515413719023
203550000, 0.003007098720406724, -0.003221257830237108, 0.26995241811123716, 0.009627657216944807, 0.0118103208435505, 0.2756278525951386, 0.017377879871071925
203580000, 0.0028932269749382235, -0.0031922021730525886, 0.2699550211810575, 0.009551756456667448, 0.011854568359985988, 0.2756251124284419, 0.017403771231737107
203610000, 0.0028026471459489588, -0.003073203192888688, 0.2699576084495266, 0.009566894765089706, 0.011970080407839444, 0.2756095072395309, 0.01743557820312936
203650000, 0.002749459352903544, -0.002852192840668135, 0.2699614604186887, 0.00942777714308593, 0.012272169806412485, 0.27561434502877846, 0.017472875504680505
203670000, 0.0027814036079443554, -0.0027540879957602482, 0.2699620349196976, 0.00944701972396017, 0.012289885230617872, 0.27561872844741614, 0.017399705466145228
203700000, 0.0028788836050930647, -0.002699296482476685, 0.2699605631347874, 0.009585499620841514, 0.012343335829188534, 0.27561451810319054, 0.017413405526529806
203750000, 0.0028347623548501664, -0.0027682742003851345, 0.2699613376545894, 0.009466168820934234, 0.012348401146183012, 0.2756193303604048, 0.01744999446163302
203770000, 0.0027605207890005826, -0.002832107462660151, 0.269961164105641, 0.009475738903120368, 0.01228606718459891, 0.2756168102979693, 0.01748255395638825
203810000, 0.002698953777695609, -0.0028150156746719474, 0.2699620438869393, 0.009359714373039618, 0.012279607191122435, 0.2756195006592284, 0.017441908963739323
203850000, 0.002688358995958985, -0.0028801464123537415, 0.26996145126291904, 0.00931636995708171, 0.012206363529518538, 0.27562143530462246, 0.017423223894541207
203880000, 0.0027266647776187916, -0.002834280596763089, 0.2699614641715945, 0.009433946207747096, 0.012206211204640702, 0.27561990472866815, 0.01741326986378419
203910000, 0.002743369894704363, -0.002806931897026738, 0.26996180956277543, 0.009397690886277704, 0.01208541128305371, 0.27562378657971703, 0.01726614771721119
203940000, 0.002814339239503851, -0.003038548193026108, 0.2699585170645128, 0.009521851967495581, 0.011967784307345096, 0.27561146160911076, 0.017382074793653605
203980000, 0.0030131227680244297, -0.0031866424742965724, 0.2699530461868723, 0.009659608909748041, 0.011933817911095199, 0.27560678781985465, 0.017457631418690323
204010000, 0.002860065721621805, -0.0030752779487303815, 0.2699573483923956, 0.009581295719146066, 0.012013867059640235, 0.2755970741943351, 0.01745461935661497
204040000, 0.0027931447767403166, -0.002984148759831529, 0.2699590286059332, 0.00950909207461395, 0.012122376850981761, 0.2756093331739747, 0.017471033336629083
204080000, 0.0027909114310400106, -0.0027803190803739495, 0.26996132965640207, 0.009390411924227932, 0.01233693951817623, 0.27561915968891804, 0.017438347254595733
204110000, 0.002689683172839605, -0.002736778951840067, 0.2699631170098737, 0.009305340247862198, 0.01238392479593381, 0.27562220376853014, 0.017447861281665446
204150000, 0.0027645708710319497, -0.002638777081697188, 0.26996282307412806, 0.009427902921766734, 0.01251274548010492, 0.2756150935204684, 0.01749047715637628
204180000, 0.002745132232049566, -0.002653585903734322, 0.26996317948611726, 0.009418621926762849, 0.012388630623448776, 0.27561630779358715, 0.017400046046399477
204200000, 0.0027695463949436185, -0.0028717193447325836, 0.269960835813737, 0.009468053932329357, 0.01226804720247493, 0.2756189313168377, 0.017495615995287667
204250000, 0.0028706473053170863, -0.0028862129276223582, 0.2699593487942869, 0.009664109675258437, 0.012128823449915685, 0.2755975558801273, 0.017418146501089627
204280000, 0.0029596333939632936, -0.003038479184907166, 0.26995620376276863, 0.009694045676055113, 0.012060373479814812, 0.2755974030161306, 0.01746856575658983
204310000, 0.003041391215600577, -0.003074835033966684, 0.2699543923838141, 0.009739810502859797, 0.012043896479200164, 0.27560559167844345, 0.017475151415160046
204350000, 0.00285686103798944, -0.0030823059002166226, 0.2699565209026587, 0.009423830624019858, 0.01196068446196373, 0.27561760196977997, 0.017362732717778568
204370000, 0.002616192799925678, -0.0030305013593750307, 0.2699604479094804, 0.0092344562490429, 0.01199879112345592, 0.2756343054971671, 0.01737451304473739
204410000, 0.0022394516431975416, -0.003118174450012492, 0.26996390459178304, 0.008780477454901098, 0.011980866935479957, 0.2756431785408652, 0.017407476038154093
204450000, 0.002226330686888558, -0.003023650582462614, 0.2699651166036222, 0.00879840043856897, 0.012110000757066447, 0.27564227320885926, 0.017448484484555354
204480000, 0.002360343798272449, -0.002969430471104842, 0.26996415219002023, 0.009089337606827258, 0.012304610789399248, 0.2756086782018935, 0.017619204522391588
204490000, 0.002573911764583213, -0.0028769696679194837, 0.26996251629521595, 0.009200603568262106, 0.012260652069233081, 0.27562359560921135, 0.017467353981568172
204540000, 0.0032659670772170893, -0.002636385889159241, 0.26995617784014936, 0.00994745862321339, 0.012461147628537936, 0.2755859733665059, 0.01744340692828652
204580000, 0.0034831916894454435, -0.002677367872265633, 0.2699523664496755, 0.010174067196269315, 0.012456932971908405, 0.27557932854350997, 0.017477916909495603
204600000, 0.0034072364939898583, -0.0027305055597318505, 0.2699531002840744, 0.010118737330251204, 0.012419149488610053, 0.2755769068635021, 0.017498099668298347
204650000, 0.0030360493901407737, -0.0029423886909483903, 0.2699563950026095, 0.00969200873005735, 0.012148107574994363, 0.2755942894162192, 0.017430167116412473
204680000, 0.002921192703761447, -0.0030029300898122505, 0.26995736066482934, 0.009512941293802257, 0.012036523219307836, 0.27560685985091105, 0.0173652856689732
204710000, 0.002753927246227203, -0.0031064435840080008, 0.2699582242065251, 0.009349836848768028, 0.011957309482675496, 0.27563190505039936, 0.017395784956622466
204740000, 0.0026491904342349016, -0.0031138576700504633, 0.26995902091842977, 0.009243114059547752, 0.01191464558530591, 0.2756474835906621, 0.0173693507779104
204790000, 0.002621474987472618, -0.0030343260543733777, 0.2699604347855677, 0.009168655811475773, 0.012024417261715166, 0.2756349663287556, 0.01737330236992008
204810000, 0.0025436820263224644, -0.003012162644610519, 0.269961586585569, 0.00914788513848011, 0.012076679222602076, 0.2756274974938183, 0.01741812831680255
204840000, 0.0024555289469256614, -0.002936705586643386, 0.26996363815401453, 0.009048865391285438, 0.012200034722262804, 0.2756188323618079, 0.017452054726468397
204880000, 0.0024703651999721846, -0.0029336809293329207, 0.26996331850401745, 0.009187184094017642, 0.012371191485021929, 0.27561660511048924, 0.01764410454316114
204890000, 0.0026193090632737584, -0.0027345225779840878, 0.26996391718266977, 0.009252976589766704, 0.012382428597687817, 0.27561933199876565, 0.017450257145435195
204950000, 0.0029031026037316565, -0.0026137385225656947, 0.26996200135517834, 0.009794592979951222, 0.012498783093865859, 0.2755895118729596, 0.01753709850118818
204980000, 0.0032219814740964236, -0.0027254948237878237, 0.2699560398879097, 0.009928719096793909, 0.01236454549697253, 0.27558914692520065, 0.017447680112709987
205010000, 0.003196196910596232, -0.0028980232466291906, 0.26995415675744844, 0.009900914526719706, 0.012185839427194263, 0.2756022324401288, 0.01744640107277161
205030000, 0.0031222509132499974, -0.003009022673328628, 0.26995399490648947, 0.009855756653125797, 0.012158051162088297, 0.2755971878181897, 0.01752785938204072
205080000, 0.002898700595547114, -0.0032471178884236, 0.2699542221324307, 0.009552840108220217, 0.01196212075764199, 0.2755965906394846, 0.017533819755446507
205110000, 0.0027913441505175154, -0.0030785407453944513, 0.2699583373288031, 0.009402611801976157, 0.012066342157135604, 0.2756157021976405, 0.01746659999398069
205140000, 0.002695021021686743, -0.0028954596085937114, 0.2699611767368804, 0.009351182694957216, 0.01222278600314873, 0.27560888647204584, 0.01745744723177953
205180000, 0.0026747469674947384, -0.0027506633990001623, 0.2699629095691635, 0.009259493702552607, 0.012387914340120314, 0.2756021470068765, 0.017445240738010844
205200000, 0.00268319864227102, -0.002763171793648756, 0.26996285454275987, 0.009256707715366047, 0.012400497793434141, 0.2756034801706585, 0.017463234361205608
205240000, 0.0026772414670046905, -0.002783172489809456, 0.2699624963608094, 0.009291907968853014, 0.012405142349072008, 0.27559850038381783, 0.01749866457541914
205280000, 0.002723487533595124, -0.002784018968002018, 0.2699620481818948, 0.009386898578254838, 0.012373956582836035, 0.2755963145012309, 0.0174902894918038
205310000, 0.0027498171932065414, -0.002843144924856567, 0.2699613808848209, 0.009588515913304146, 0.012369775608652905, 0.27558592221509887, 0.017602165108847937
205350000, 0.0030058274566932062, -0.0027149697027158675, 0.2699598807823254, 0.009862115489328388, 0.012430034386667878, 0.2755643230872996, 0.017543933652510526
205380000, 0.0031103056463116538, -0.002720560233680261, 0.2699582114683036, 0.009881409924724943, 0.012423323204571797, 0.2755678898877151, 0.017511526224453493
205410000, 0.003196888413966865, -0.0027072627171688115, 0.2699566524842385, 0.009881828705728651, 0.012347834183737368, 0.27557886667195686, 0.017405564103834054
205440000, 0.0030225101217367808, -0.0028498793151664026, 0.26995762610221624, 0.00974895794738917, 0.012252819613673971, 0.2755812211060615, 0.017463145079099955
205480000, 0.002967381331567323, -0.002843051988166357, 0.2699587582836245, 0.009542504720874645, 0.012144043582592183, 0.2755920400927534, 0.01730835477949101
205510000, 0.002715300876282072, -0.00305843280828672, 0.2699591049200296, 0.009378381960776228, 0.012065895822703503, 0.27562002575231015, 0.017469630526891006
205550000, 0.0026336975427189487, -0.003047513547405519, 0.2699602077194852, 0.009208799510563304, 0.012072679968073936, 0.27563069195814094, 0.017435785308782075
205580000, 0.0026027419976559292, -0.0030306390274579586, 0.2699605864698944, 0.009280282396891937, 0.012185818910371807, 0.27562387314797965, 0.017555710010003847
205610000, 0.0026198740427890595, -0.0029089146824410623, 0.26996165561542396, 0.009264248930221736, 0.012218149931002925, 0.2756219643599672, 0.017464675678282953
205640000, 0.0026978697828764437, -0.0028451822740806097, 0.269961736532709, 0.00934145120406113, 0.012268528209920498, 0.27561885705304984, 0.01745177444490321
205680000, 0.002758893517367428, -0.0028496675242944414, 0.2699610437179096, 0.009507662350770107, 0.012289060982112507, 0.2756083878151837, 0.017510553301093107
205700000, 0.0029402042741409153, -0.002876421747292478, 0.26995870200084376, 0.009606368341685712, 0.0122483593873473, 0.27560053543918195, 0.01746502311169761
205750000, 0.0030037656114390745, -0.0029758111542824493, 0.26995665787764234, 0.009732862012710425, 0.012170975259763059, 0.27559279739090287, 0.01750634015616209
205780000, 0.0031256808004904634, -0.0030244127348254463, 0.2699540121479137, 0.009754024953032958, 0.012180010341602092, 0.2755925508790772, 0.017518634259392978
205810000, 0.0029489782663200247, -0.0029110247469690442, 0.269958222791195, 0.009686972874342309, 0.01219791571912339, 0.2755908857611386, 0.017475913294550203
205840000, 0.0029068350263959913, -0.002904226656947138, 0.2699587993964978, 0.009643259064522625, 0.012188452372447846, 0.2755971171552263, 0.017463075223287057
205880000, 0.002840421997705694, -0.0029777792253000163, 0.26995839415862244, 0.009415420257094298, 0.012124277049102017, 0.2756134606554009, 0.01741500740479759
205900000, 0.0026299112472990987, -0.003041173350016154, 0.26996041686998534, 0.00928673171885619, 0.012045136396315256, 0.27562101168102876, 0.017434228809087234
205950000, 0.002514014273998191, -0.003112578298256586, 0.26996052696664496, 0.009054362281280426, 0.011975044514324115, 0.2756446061884274, 0.017398887056089683
205970000, 0.0023104730235860883, -0.003129380450876486, 0.26996308287168386, 0.008891991750492073, 0.012023221182465987, 0.2756417475798369, 0.01746897128851639
206000000, 0.002378641647055111, -0.0029265487978029007, 0.26996470129753236, 0.008930085101131913, 0.012268888542075737, 0.2756272624211452, 0.017489634809246174
206040000, 0.0025660033715850304, -0.0026923192166470114, 0.2699648471735985, 0.009213582455328745, 0.012516838699239932, 0.27561526332684105, 0.017533852825030727
206070000, 0.00278685612195693, -0.0024494436786356927, 0.26996560512670886, 0.009457806412658781, 0.012746685552100581, 0.2755904858307547, 0.01752321900545101
206100000, 0.0030575032546459034, -0.002436561061252046, 0.26996297438730993, 0.009861734972897884, 0.012684439334988334, 0.275623738694623, 0.01752102950176494
206140000, 0.002657163083863727, -0.0028150901519386796, 0.26996640620960416, 0.010189207000771888, 0.012548458966274108, 0.2757640017862013, 0.01806605772003812
206180000, 0.002634345490396817, -0.002977005327556722, 0.2699647938771936, 0.010284607808379531, 0.012364351581395393, 0.27596270747376006, 0.018162012907540732
206210000, 0.002368231183517849, -0.0032848052367437657, 0.26996349869662356, 0.00979278687414148, 0.011674034650548837, 0.27586436787167434, 0.0177118936028278
206240000, 0.002209903316956902, -0.0027813528295029815, 0.26997100624682246, 0.009735646817358584, 0.011922550557696948, 0.2759428061998505, 0.017564281503464167
206280000, 0.0016665774001617941, -0.003617189640879925, 0.2699650205411078, 0.009243251110505668, 0.011931892285312488, 0.2758454111580553, 0.018269070229990993
206300000, 0.0015185805427922587, -0.003447599212280264, 0.2699685167409635, 0.009150258441238124, 0.012075815024854664, 0.2758268610706413, 0.018263052740666835
206340000, 0.0010644427049702877, -0.004030442542783055, 0.26995813059795754, 0.008794781037843064, 0.01232766307079125, 0.2758288116322696, 0.019021320821966194
206380000, 0.0014073452328551028, -0.002804764265406817, 0.2699784414161279, 0.009144832643659062, 0.012887058805094484, 0.2759203716312656, 0.018477244312662875
206410000, 0.001997500865487217, -0.002166895459537816, 0.26997898028827305, 0.009316237390748772, 0.013024001572698327, 0.27590255762153754, 0.017872213779869667
206440000, 0.0020798332936077064, -0.0020716582636180697, 0.26997896325720583, 0.010962097330048964, 0.014779298477578327, 0.2758417492452544, 0.01993041938967639
206480000, 0.008253220466394033, 0.00422951106098474, 0.26977288288810936, 0.0182440200930169, 0.02207762057976153, 0.27447529792293546, 0.020987705871136485
206510000, 0.01402679378368767, 0.00922759304003096, 0.2693617323382481, 0.02572163543719025, 0.02850734122921872, 0.2733089745688957, 0.02289232912497973
206540000, 0.028165514582000156, 0.018018286380266264, 0.2674480693108401, 0.03828145043709272, 0.03479767389229774, 0.27115839278013776, 0.019941075792195517
206570000, 0.036376522280838666, 0.020976477202510585, 0.2659623633987568, 0.04833312232400261, 0.038380642905965934, 0.2684841787951887, 0.02126557832082637
206600000, 0.04748003957759807, 0.02727746301976431, 0.26299953660861186, 0.05893810478113548, 0.0416496545696067, 0.265395183648108, 0.018536080300099116
206640000, 0.06411876980751645, 0.03321826535135356, 0.25764466792583435, 0.07732724928501097, 0.047150541369308394, 0.2591975471220218, 0.01926093660614211
206670000, 0.0764797919860176, 0.03526293639787319, 0.25315529449794255, 0.09120995849988292, 0.04901063826542942, 0.25396491020921674, 0.020165133021265942
206710000, 0.08771648722188581, 0.03228721993663827, 0.24924290351363457, 0.1078293882898944, 0.046843010277721475, 0.24538960648890906, 0.02512464367480324
206750000, 0.10356600814766466, 0.030045606610172262, 0.24174778586465354, 0.12589786216862053, 0.04401583823334765, 0.23535222802023548, 0.027106866948427476
206770000, 0.1142135721270922, 0.028593412908510866, 0.23606679062935748, 0.1333536754702503, 0.04315085209302316, 0.2310621858191915, 0.02456234233340709
206810000, 0.1229358784536473, 0.028645331827501695, 0.23064665760917455, 0.14510985784919309, 0.04186073091817824, 0.2228785830878866, 0.026956912232824932
206840000, 0.12999693855011296, 0.02846318722582626, 0.22578504109981895, 0.15230987214120195, 0.0409063011966681, 0.21679852887655204, 0.027082383437774308
206880000, 0.13941784495105003, 0.027630644860013, 0.21888446423025368, 0.16165579696645796, 0.03940399970138404, 0.20907233599105718, 0.027007707319260884
206900000, 0.14526246676410684, 0.025773120881167576, 0.2146425180323996, 0.16591975939009074, 0.038611616311935715, 0.20549575512436868, 0.025984879742979628
206940000, 0.15269525336319492, 0.023986214497194628, 0.20826083820153526, 0.17423097937574578, 0.03676486824041946, 0.19695084779776204, 0.027477215457726717
206980000, 0.1561957497236262, 0.022922189612351304, 0.2050431320372541, 0.18019105426184304, 0.035620360326540854, 0.19082788228613054, 0.03064459992976395
207010000, 0.16103419087379198, 0.021258687716753533, 0.2009315626562032, 0.181881453560706, 0.03551137609070104, 0.18924488077634521, 0.02782671415713788
207050000, 0.16101292895225727, 0.021442827180125596, 0.2007936378739456, 0.18049337085810066, 0.036708940855018336, 0.19041511232628056, 0.026837578805198176
207080000, 0.1588433923239831, 0.02230407804523419, 0.20286445385729954, 0.17537737997012787, 0.03837050235041643, 0.19600881625918595, 0.024052079001901008
207100000, 0.14983022314450334, 0.023338807879956038, 0.21142633426019153, 0.17011683220958063, 0.03915638968357088, 0.20166242292548858, 0.027515020734596295
207150000, 0.14070077905019573, 0.023488619403599104, 0.219056602429869, 0.1537373779247401, 0.03929162505403255, 0.21710977291999206, 0.020578582141244098
207180000, 0.12984617434881537, 0.0238904261190939, 0.22713392864036083, 0.13956701960709567, 0.038869494586258845, 0.22880871257965774, 0.017935223051938117
207210000, 0.10995404434326474, 0.023428351041263454, 0.24002719821855956, 0.12315303317889147, 0.03867031165287765, 0.23987513968335925, 0.02016317909872163
207250000, 0.09444994356730292, 0.022678513716213773, 0.24794222097458044, 0.10182230645288445, 0.03575795556669388, 0.25147222863216645, 0.015423504391006813
207280000, 0.0761123707886004, 0.017105517019366467, 0.25585345173332913, 0.08499025557990195, 0.02962417221195692, 0.2596786861451495, 0.015816636320784828
207300000, 0.0582385751098013, 0.011596918681626833, 0.2619970304507072, 0.07179507257874329, 0.025699000686168885, 0.2651164886326611, 0.019808542597506217
207340000, 0.033670465297956025, 0.0002280749414505759, 0.2674979378846827, 0.046478210885827265, 0.016040977635675017, 0.2721948895596889, 0.02088414694685875
207380000, 0.023734457876494062, -0.004691835542672099, 0.2687063167069844, 0.023653137441830757, 0.004461184658661049, 0.27562223425833, 0.011472327897864336
207410000, 0.007108608138622044, -0.015840619422358204, 0.26934094303235906, 0.011808619212724608, -0.004822620962750615, 0.27612715395590137, 0.013767318288301718
207440000, -0.004324262191725566, -0.0251657798444559, 0.2685496823901342, 0.0015473366633531882, -0.01212489037744624, 0.2759478176881127, 0.01610195258634558
207480000, -0.011869719381649286, -0.03129786559811474, 0.2674968529097389, -0.012173528326491767, -0.01627116623932638, 0.27499997479832505, 0.016798536590112764
207510000, -0.021906979679574962, -0.024519491212734286, 0.2675346606665187, -0.019030995602442285, -0.012036156527221842, 0.2748157749009844, 0.01473497722352423
207550000, -0.029324004819583367, -0.018563668385614785, 0.2672421877714897, -0.030077186447865722, -0.00210600270066523, 0.27376916905692145, 0.017720708988726273
207570000, -0.03620319207705795, -0.010088148162937604, 0.26678939344229013, -0.035188740982618705, 0.0047406648650357985, 0.2730149140560545, 0.016114586986764743
207600000, -0.043401105077297365, 0.00019691948887507545, 0.26569970574099006, -0.04270408870806891, 0.01654503578698048, 0.2714796668671995, 0.01735380906129384
207650000, -0.04826768750782227, 0.01674772309996318, 0.2641026908992626, -0.04957251896447473, 0.04151273767638772, 0.2671133238496994, 0.0249814419692508
207670000, -0.05120380810952727, 0.031492220933333176, 0.2617742274106972, -0.051514526969140106, 0.052699860930464276, 0.26446673008023647, 0.021380133560927765
207710000, -0.049705043569387417, 0.05565964959372209, 0.2572279693192203, -0.048681151305914744, 0.07936924857728538, 0.25778451529762536, 0.02373822197963999
207750000, -0.04709870187032206, 0.07352248318728485, 0.25222309446102786, -0.04506184845674807, 0.10422580374032336, 0.24809541575455646, 0.031046423245116053
207780000, -0.04276462164791408, 0.09011905030966925, 0.24645869809479018, -0.038659242115334336, 0.12176715791111764, 0.24007861186492896, 0.032544774636796066
207800000, -0.035437309388921194, 0.10507233631211726, 0.24046395623053074, -0.03314137248854615, 0.13236789748550898, 0.2345222440418694, 0.02802896590589385
207840000, -0.030090486836172336, 0.11829439156609396, 0.2335555764272467, -0.0245119813134774, 0.15045400567654216, 0.22209191719089155, 0.03459445022958086
207870000, -0.021267247586714354, 0.13392841054599813, 0.22360895950928456, -0.01662414841260998, 0.1617845908582057, 0.21287299008968008, 0.030212351628191275
207910000, -0.016662318132388852, 0.14004031845138254, 0.21912444762975195, -0.0064737051960993, 0.17271007085960727, 0.20372669232866725, 0.03752614321099777
207950000, -0.007228510492902367, 0.14848544150971146, 0.2128619494480113, 0.0021616374616564293, 0.1778675024241309, 0.19758283026670978, 0.034422839295205954
207980000, -0.0010553757529331782, 0.15167969201397072, 0.21028925279637184, 0.0070646070433048325, 0.17898164400673072, 0.19612233680626484, 0.03181245372329715
208010000, 0.0034707044984725395, 0.1499909789668084, 0.21205790452869241, 0.010577784648195782, 0.1775671600750077, 0.19859622060547216, 0.031498782306868374
208050000, 0.00602982380538327, 0.1453665169844972, 0.2162302113349612, 0.013679575056645854, 0.17021302666503788, 0.20604312711913061, 0.027922113500446547
208080000, 0.008287450429834158, 0.13776638490798582, 0.22229674712984318, 0.015329930876942566, 0.16156466017406076, 0.21436148039308398, 0.026056148884117468
208110000, 0.008782225049907557, 0.13068652800369224, 0.2277068028703075, 0.01632868477553176, 0.1496354167895531, 0.22535587050280792, 0.020531349775549323
208140000, 0.010012170913335651, 0.10731874129129518, 0.24249094043309188, 0.017322153247282368, 0.13400241690256798, 0.23682481745114664, 0.028241093029427452
208180000, 0.01074265542151741, 0.09620666120941951, 0.24806239056986235, 0.01929233729651017, 0.1087787265207824, 0.25127363972744116, 0.015539176538954834
208210000, 0.013029308652327817, 0.06301604360260628, 0.26055444191099647, 0.02144283895196039, 0.0870355283787927, 0.2609294396053209, 0.0254531680599299
208250000, 0.014702529585645975, 0.04132867515479405, 0.26569428628352604, 0.02401192112108011, 0.05519622609762887, 0.27026619497432763, 0.017316930703480882
208280000, 0.016162526119562294, 0.017777209323774565, 0.2687229832352567, 0.02691576741887544, 0.02876716393758682, 0.27417935968266666, 0.01631512625727296
208310000, 0.017654386627589485, 0.002314276982415664, 0.2692949890610014, 0.02911907916040729, 0.002415114062027296, 0.2752305594319222, 0.012910473988852065
208350000, 0.020230035236306815, -0.03524341847919249, 0.2663422039258464, 0.03068406733309606, -0.03242522239908695, 0.2724097611377803, 0.012411457075892147
208380000, 0.02189952752490154, -0.05609925993162669, 0.26185449445500764, 0.033488740772527226, -0.05480392081515821, 0.2673691023912043, 0.012899560760566982
208400000, 0.02390652305225531, -0.07442100392122172, 0.2560976653869186, 0.034607845273768895, -0.06814763677382822, 0.26331045425756916, 0.014349137811981504
208440000, 0.024195223691447148, -0.09652605398150595, 0.2468295736525724, 0.035403771256859645, -0.09236633479471724, 0.25364005270033085, 0.013759266953548406
208480000, 0.025041504901264146, -0.10536306299618751, 0.24220381759284826, 0.037206768424049436, -0.11111801309103529, 0.2437722550040396, 0.013548914461528767
208500000, 0.026403224388376213, -0.11954604652932783, 0.23386723131352982, 0.037828693849108974, -0.11918297297338513, 0.23899582357832558, 0.012528991716163146
208540000, 0.027332671632268116, -0.13176916103202232, 0.22524441532529918, 0.039133657076434625, -0.1323708059811617, 0.23011993604517805, 0.012782641995621364
208580000, 0.028388232265739742, -0.13620674912998984, 0.22180959804517783, 0.04085021850546375, -0.1390981135035966, 0.2254783296308339, 0.013308669371038688
208610000, 0.0305733368930451, -0.13634246242331627, 0.22123831569189792, 0.04237790768607094, -0.13710911035566428, 0.22688168656408264, 0.013106611898608855
208640000, 0.031841114375477896, -0.12771055406303533, 0.22732668126026578, 0.04313937481307298, -0.12906602064056277, 0.23269856007793005, 0.012583523377424553
208680000, 0.031537020042567615, -0.1145500958392886, 0.2360409033000628, 0.043424457708649555, -0.10926712283294072, 0.24474189592315748, 0.015650183726651005
208710000, 0.03118194759358101, -0.09181190533797508, 0.2479366161291401, 0.04249447868330175, -0.08992251151792606, 0.2545294936543385, 0.013229104381075996
208750000, 0.028575064773809396, -0.0717895123615514, 0.25623165522448293, 0.03842597532461112, -0.05920672460478153, 0.2660377358489246, 0.018749032071679446
208780000, 0.02366032543752024, -0.05148207154078653, 0.262662103112454, 0.03157075233198353, -0.03515351746008796, 0.27211693519666874, 0.02045948146360611
208810000, 0.018454503336822643, -0.039932389199078835, 0.2654839376569644, 0.02502237914665495, -0.013739404935299238, 0.27582361842837316, 0.028915712264279893
208840000, 0.014397506747597214, -0.018622133137404594, 0.26870211877235317, 0.021187318696097746, 0.006286564627440469, 0.27702543756833964, 0.02712604664185365
208880000, 0.009307671149914333, 0.006690109816687065, 0.2697036429239063, 0.017626595331610734, 0.027959888481499565, 0.2752910354170747, 0.023512272090626226
208910000, 0.004818862459126801, 0.019776372085842205, 0.26905551873776706, 0.01373861700950596, 0.037837026382225795, 0.2740713188533673, 0.020758311724515165
208940000, 0.0031932711773428814, 0.021022949149397795, 0.26899447584429287, 0.010932902299204267, 0.038996246782014334, 0.2741910440784831, 0.020247114340214003
208980000, -0.0001295730425052562, 0.018070122431496728, 0.26926309365602924, 0.006330229100895424, 0.0337363760774968, 0.27517892493158164, 0.017948749447064507
209010000, -0.0032729083588048827, 0.010366051970510323, 0.26972762597958183, 0.00401276448695842, 0.023356394060665246, 0.27620525597287304, 0.016241604193081707
209050000, -0.003041395734420965, -0.005050571930993094, 0.2699209170063896, 0.003260107686613445, 0.005737999060624971, 0.27691716397394905, 0.014319555895263516
209080000, -0.002962419117810817, -0.01506695041697669, 0.2694832211164895, 0.003564645739349004, -0.0051575877727189495, 0.2767813190876672, 0.013930551951085411
209110000, -0.0025281484325755076, -0.020640766194537682, 0.26904864350188845, 0.005316493231538738, -0.013544943420328984, 0.27642568878870166, 0.012896119604168881
209140000, 0.0012197012725094643, -0.02809907006032306, 0.26822843989074024, 0.007687972155415029, -0.01660860772644368, 0.2761486643058116, 0.0153817816798327
209180000, 0.0036831217183536944, -0.025295724399748355, 0.2685439702705552, 0.011258639826049882, -0.011420947705511816, 0.27640740519632007, 0.0176559200198319
209210000, 0.0066099145966070985, -0.01624963086480212, 0.2692947683340117, 0.013761530597397681, -0.0030834286001293204, 0.2766071815202215, 0.016672308781416383
209240000, 0.0075508785787196855, -0.009654159017761758, 0.26964936909793696, 0.014826914405032865, 0.008178101400867693, 0.27647479819730025, 0.020433225182874257
209270000, 0.0069273022413783416, 0.0036067539803951157, 0.2698517542976415, 0.014748059814463366, 0.019368509530336205, 0.2759687839601422, 0.018628345039884205
209310000, 0.005002981036369722, 0.013191256425924546, 0.2695457724186287, 0.012694379645744436, 0.030091281603006517, 0.27505774957468165, 0.019368798510055945
209340000, 0.002835727708431381, 0.016337497301706253, 0.26937420961233993, 0.010241804075354938, 0.03369365228433906, 0.27469220354058344, 0.019605283531607183
209380000, 0.0016657318965300676, 0.01596169659894633, 0.2694147055834089, 0.007636262105361558, 0.030605859207058744, 0.2751748902045376, 0.016830878061969756
209410000, -0.0008955039406800023, 0.0068040708078730945, 0.26989123595155573, 0.006083466024325301, 0.02331627392527033, 0.27600523651719877, 0.01894042968042997
209440000, -0.0013974463289869153, 0.004300581960632013, 0.26995228914334585, 0.005277822449766378, 0.013672125939995373, 0.2766644985009846, 0.013320615762287932
209480000, -0.0011694979232845825, -0.010403769837801388, 0.26975565518023487, 0.005260105910428081, 0.0003998209231685923, 0.2768722307884727, 0.014446557623765385
209510000, -0.0006286137107725376, -0.01954896948325382, 0.2691487213636042, 0.005717639947277642, -0.006662283888300771, 0.2767337390519564, 0.016244201871686462
209550000, 0.0005290502525160394, -0.02223380728889629, 0.2688967148755067, 0.007521503765712173, -0.009977231436295725, 0.2765536803637264, 0.016054506478012577
209560000, 0.0014265215862292373, -0.022001879239401594, 0.26891146968331503, 0.008095089412243683, -0.009553272814754876, 0.27656329900528986, 0.016062007680814516
209610000, 0.0034471982377017297, -0.014081590596968728, 0.2695295887319176, 0.010699648246222687, -0.000688439322353851, 0.2767080116666625, 0.016837585575755352
209650000, 0.004471263655369504, -0.00647485020993562, 0.26985270354924557, 0.011968330611009603, 0.01083295605706499, 0.27657881421956315, 0.020025152570273628
209670000, 0.004893216400124452, 0.001174446177644738, 0.269934094142342, 0.01247597512755036, 0.01639698079094857, 0.276268510578486, 0.018147964667093622
209710000, 0.004321660577714882, 0.008688212149926655, 0.26977914381931245, 0.011741217278913724, 0.025200576769562513, 0.2756019225588929, 0.019016118405821323
209740000, 0.0037189352697278993, 0.01084485968588508, 0.2696962118473311, 0.010671235977673499, 0.027817921009981858, 0.2753762259398177, 0.019201089967397608
209770000, 0.0018730781845477727, 0.01017338295315851, 0.269751734564595, 0.0090476964581932, 0.02687377650748382, 0.2755467987141828, 0.019077763515142832
209810000, 0.00012241828932671217, 0.004281875201370447, 0.26995308848582344, 0.0069083654816238516, 0.020771604840287235, 0.2761678029576292, 0.018883403793471355
209850000, -0.0008935667561034973, -0.0012711421027222012, 0.2699927826818897, 0.0058972023896796955, 0.011828035777747603, 0.2767124128358731, 0.016212847872654375
209880000, -0.0007267288015987344, -0.007011456077608104, 0.2698879856085798, 0.006108559814574116, 0.0050806111266565035, 0.2768173435972081, 0.015522733711347396
209910000, -0.00023345376316178128, -0.010805868162842716, 0.26973849220704715, 0.007201744473322336, -0.00040550852781416624, 0.27680979418135215, 0.014610029601802917
209950000, 0.0015474409268296406, -0.01657458693237862, 0.2693785697043747, 0.008388998694989408, -0.0038579740522710487, 0.2767006471804788, 0.016190490245933154
209980000, 0.002326734246859474, -0.016715111225167268, 0.26935885153628863, 0.009369729709407526, -0.002935928316131098, 0.2767383287990623, 0.017144280428117723
210000000, 0.0030783277171644928, -0.014450764842273733, 0.26950407805696447, 0.009773301453232491, -0.0008234551961734671, 0.2767604166283727, 0.016827973466233076
210050000, 0.0031126291291585276, -0.007531721238414092, 0.26984421496573957, 0.010252884512250093, 0.009026049539059597, 0.2766250804966527, 0.019264557025881892
210070000, 0.0029206305051485107, -0.0015217978706976662, 0.2699682987642934, 0.010305928138723691, 0.013701948988649258, 0.2765043695953851, 0.018139054867412862
210100000, 0.002756797984494187, 0.004086394692950417, 0.2699371591389802, 0.009974613460009801, 0.019870362732146367, 0.27614654472292954, 0.018433311602398247
210150000, 0.0016411189416659768, 0.00801448851880697, 0.26984484386874263, 0.008815007490371368, 0.024828768799563146, 0.2757498798820598, 0.0192107820920348
210170000, 0.0009073886945080905, 0.007929320905403756, 0.26985236489721404, 0.008260090816445326, 0.024398580422558526, 0.2757934348294336, 0.018989340417109184
210210000, 0.00036875717093259864, 0.0037549134945434343, 0.2699631219833805, 0.007591090631089925, 0.01950231338696186, 0.27622638515843734, 0.01842202946424391
210240000, 0.0006942557493452749, 0.0004771370308256891, 0.2699941194508869, 0.007613949412443671, 0.013916833067977974, 0.27658351531355696, 0.016490231283919098
210280000, 0.0010027554609695866, -0.006592972749554617, 0.2698956347467185, 0.007916373825582856, 0.00613049236040282, 0.27676694061961554, 0.01602808559044814
210300000, 0.0015462044379566402, -0.010865324625451398, 0.2697282864560891, 0.008204780903630915, 0.003021591082629116, 0.2767925062669631, 0.016943620332411535
210340000, 0.001859523251216437, -0.013589731340170792, 0.26957796434668324, 0.008783605937277617, -0.0002904273708504157, 0.2767169694013643, 0.016606619170757026
210370000, 0.0022169362099346696, -0.01350877981443167, 0.269575249200545, 0.008978912219502144, -2.751237887900493e-05, 0.2767948070777132, 0.016720972075948227
210410000, 0.002192722442317757, -0.010370394358925672, 0.2697453874791686, 0.008945961768188182, 0.0036429869905040824, 0.2767777336527912, 0.017071467158469206
210440000, 0.0020538382350642594, -0.006525214545352335, 0.2698896730374132, 0.009028308734616769, 0.008030409424209212, 0.2766826729357748, 0.01751154691943416
210470000, 0.001952186333523681, -0.0020128823758834213, 0.2699776401226879, 0.009134448568288683, 0.012827616272676444, 0.2765632099251203, 0.01775373258133479
210510000, 0.002143776103599776, 0.0025054132557252853, 0.2699688732927158, 0.009035948110977993, 0.018227579401299994, 0.2762912525535649, 0.018293742722755184
210550000, 0.0017615085904417226, 0.004766957656449731, 0.2699342380384741, 0.008786640463428502, 0.021045833463658382, 0.2760696043331396, 0.018761582954247097
210580000, 0.0014236811783489719, 0.004951196465728262, 0.26993379717814947, 0.008521091359016547, 0.020646790255392643, 0.2761251466364621, 0.018304581497476057
210610000, 0.0011802467563650778, 0.002420768623998214, 0.2699773000367446, 0.008220088210481646, 0.01811819666814534, 0.2762977233472859, 0.018328021325956304
210650000, 0.0010189983667205848, 0.000241819133195421, 0.2699921281519649, 0.007986867757818428, 0.012443118536989844, 0.27662674443540153, 0.015538373281037982
210680000, 0.0008208387338928547, -0.005162531689760325, 0.2699361177109042, 0.00797400359545572, 0.007865720154784983, 0.2767170071488263, 0.01633657170984535
210710000, 0.001539371005421954, -0.009892308189142976, 0.26977166180079276, 0.008233029761275323, 0.003977278791474997, 0.27678169948286446, 0.016920731037895653
210740000, 0.0018386126637150067, -0.01199353456124504, 0.2696693039391374, 0.008559845035721464, 0.0018033812410847005, 0.27675559294341356, 0.016904003730099235
210780000, 0.0018863449587271646, -0.01188879610958945, 0.2696742128762701, 0.008800654787400664, 0.0023535115267456636, 0.27676599737549085, 0.017347749554287677
210810000, 0.002047488506110471, -0.010017667107831897, 0.2697621490319627, 0.008916720176511184, 0.005088585785136698, 0.27674822135294785, 0.018005288853056283
210850000, 0.0019458070213997653, -0.005698554553503831, 0.2699130010339216, 0.008834371526981716, 0.010241975066521122, 0.27666872940844117, 0.01863310686344995
210880000, 0.0015886511344047624, -0.002010149428792029, 0.26998018688428066, 0.008684040818054461, 0.014102886522356181, 0.27653037072893355, 0.018785084261844262
210910000, 0.0016031277174770539, 0.0015598976670581186, 0.2699833998599804, 0.008530649121960665, 0.01705025414418916, 0.2763499180658292, 0.018123858603056327
210940000, 0.0015765250671968402, 0.002543419486441392, 0.26997374238513194, 0.008511670191306386, 0.01843859698595942, 0.2762637684414465, 0.018447691818294254
210980000, 0.001550525854310217, 0.0028705464887061292, 0.26997011547156907, 0.0085935303975678, 0.017844853327784266, 0.2763072527245242, 0.01771985008034778
211010000, 0.0014798264791337926, 0.0005064266565876732, 0.26998930820462674, 0.008563348341040056, 0.01586720512034897, 0.2764287278104568, 0.018099611096396663
211050000, 0.0013427210336005248, -0.002105035013796207, 0.2699812701382708, 0.008585166296059682, 0.01194351889642583, 0.2766213385675582, 0.017143669067435703
211070000, 0.0014609254050204326, -0.004630514802900403, 0.26994148929398176, 0.008473260821642292, 0.009895139727293216, 0.27663546367645964, 0.017463584413258744
211110000, 0.0015969754815764617, -0.006618938345079969, 0.2698916552116449, 0.00855347711760951, 0.006239078361774231, 0.2767471222658699, 0.01614679340232719
211150000, 0.001793597321723247, -0.009325179134185962, 0.2697942890538425, 0.008584758755039196, 0.004373634496481163, 0.27677230261797353, 0.016806845087710718
211180000, 0.001720473974158012, -0.009613923416091387, 0.26978214809666734, 0.008493316471089668, 0.004607746742614591, 0.2767815889627647, 0.017237153768220135
211210000, 0.0015619411538479976, -0.00809321718094656, 0.2698432269926446, 0.00836982110686696, 0.006130584734398661, 0.2767532388218645, 0.01721662086071637
211250000, 0.0012931826053252538, -0.005823963032060149, 0.26991490789919914, 0.008143146116191075, 0.00981040009071104, 0.2766574519055138, 0.01835258047338167
211280000, 0.0010047687393631342, -0.003036095700389448, 0.26997336691505175, 0.008126290066855557, 0.012980041215386463, 0.27659581174639214, 0.018737381974730523
211310000, 0.001115101286255047, 0.0003622702227237632, 0.26999183752841943, 0.008218271713082176, 0.015588980077197653, 0.2764469451039097, 0.01799933712435088
211350000, 0.001404520640252703, 0.0016562611123910995, 0.2699836419765056, 0.00849672848501884, 0.017252087895718388, 0.27634794677116686, 0.01827658613330891
211380000, 0.0016853309718473722, 0.0015749277364551196, 0.2699828995081742, 0.008815635280880946, 0.016684227509654807, 0.27638450723500596, 0.017891695298771066
211410000, 0.002169895229482021, -0.0004508684779794711, 0.26998226630855576, 0.009202669575858358, 0.014871540643913245, 0.2764834784286958, 0.01806936344580976
211450000, 0.002105715135693458, -0.002568405193749145, 0.26996986267983164, 0.009276866629050196, 0.011339420293982952, 0.27663005188112855, 0.017006208975987418
211480000, 0.0021571578398229146, -0.005025589007610643, 0.26992669437673045, 0.009084632592946396, 0.00876565058676089, 0.2766702087106227, 0.01684230333344981
211510000, 0.0017992201001506844, -0.007384015421245686, 0.2698656212308943, 0.008764296383490855, 0.006907207099177248, 0.2766998556161014, 0.017304857364131558
211550000, 0.0013356727127028123, -0.008121311861778934, 0.2698441866044891, 0.008096787654666399, 0.005878148836768057, 0.2767651777068436, 0.017017570124652794
211580000, 0.0010224131374176263, -0.00796666911101069, 0.26985169455823743, 0.00767634264304809, 0.006369383573172002, 0.27676526951793246, 0.017250933399468083
211610000, 0.0006097765519933009, -0.007022391045464332, 0.2698858354105755, 0.007317642491812493, 0.007843224692503842, 0.27673567725548476, 0.017689045481194956
211650000, 0.0006895793239179792, -0.0049540842140140895, 0.2699393623539476, 0.007527185872082037, 0.010324012697558123, 0.2766611746585803, 0.01803762371282869
211680000, 0.0007757853904030582, -0.00320253704875156, 0.2699720826380076, 0.008037362937242332, 0.012343000309601136, 0.27663352808212077, 0.01840568106953926
211710000, 0.0014440371947055366, -0.0013200702907004808, 0.2699856802325087, 0.0084776073896414, 0.014050305768264673, 0.27654968308885125, 0.018133000396491822
211750000, 0.0018300619899447833, -1.3869131579844526e-05, 0.26998682452340017, 0.009121498534950395, 0.015398788011999336, 0.27643724338450915, 0.0182297271125795
211780000, 0.0021132008338099278, 0.0002481594003363924, 0.2699831051300063, 0.009348344569654304, 0.015346142504111634, 0.2764435681386271, 0.017945305262546205
211810000, 0.002147012772883613, -0.0008981303430872995, 0.26998211873798217, 0.00943045474681739, 0.014204299233947122, 0.2764930946936916, 0.017986792766159585
211850000, 0.00200213346249976, -0.002345646240139787, 0.2699734724526303, 0.009206187504627844, 0.011817742216089756, 0.2766059049979592, 0.01721885967978994
211880000, 0.0019747393097281425, -0.004225071425557179, 0.2699439377842939, 0.008819110338703529, 0.009596583964422076, 0.27664258207381953, 0.01681533252181517
211910000, 0.0016287449460502894, -0.006741314808173384, 0.26988786019746547, 0.008492235772519036, 0.007865738738795675, 0.276691803017712, 0.01751476969732193
211950000, 0.0013988799942111574, -0.007362284942727561, 0.2698692748312188, 0.008033897600033035, 0.0067830638912061425, 0.27673889664577095, 0.017067690416052387
211980000, 0.0010212946770721972, -0.007304158031239914, 0.26987452038979937, 0.007659425144129317, 0.007198699042026108, 0.27673571640476863, 0.01736299657723529
212010000, 0.0005067775033062517, -0.0059525611765298995, 0.2699162274000514, 0.0074082460062676325, 0.008478866125790047, 0.2767102371893632, 0.017379727572570825
212050000, 0.0003292287293356282, -0.005066904847270107, 0.2699399525233743, 0.007424227018502788, 0.010681712942396976, 0.2766500610499495, 0.018530610336594963
212080000, 0.0006816303890806977, -0.0030213601403278325, 0.2699745021594083, 0.007829220309342327, 0.012363121704154018, 0.2766378660774994, 0.018225551898264577
212110000, 0.0011527175328094141, -0.001564867465846801, 0.26998594620356775, 0.008373898440123595, 0.013569295696809182, 0.2765643679436926, 0.018012883748056544
212150000, 0.0018555853892663681, -0.0010651686746802635, 0.2699837548054754, 0.009075573990490943, 0.014318264567292335, 0.2765065953622961, 0.01820235431590501
212180000, 0.0020594100772567004, -0.0008817276765188301, 0.26998223814535494, 0.00927743112287821, 0.014094319924778553, 0.2765084506475483, 0.017859823044900115
212210000, 0.002251022485328042, -0.0017013988148206003, 0.2699764200305919, 0.009435751621818506, 0.013329310589142156, 0.27653123692743137, 0.017902742317929994
212250000, 0.0019665298948145595, -0.0026850565748347964, 0.26996968789641357, 0.009197718377477404, 0.011557659906392168, 0.276622898037658, 0.017303475512739273
212280000, 0.0018899700033783073, -0.004043374284924193, 0.269948544769839, 0.00884705961010826, 0.01008551643136451, 0.27662403505104916, 0.017105227831380396
212310000, 0.0017411184095423287, -0.005850969048731455, 0.2699110675353162, 0.008571877785708809, 0.008699001105267348, 0.2766730585490179, 0.017438045406717038
212350000, 0.0014788909772639116, -0.0067237756395301974, 0.26988875751615465, 0.008089812573653293, 0.007710578503117765, 0.2767192135400822, 0.01728322867301692
212380000, 0.001094717997510675, -0.006790189387332765, 0.26988904562061644, 0.00770409828667229, 0.0076895328149574615, 0.27673190677966725, 0.01732544405503942
212410000, 0.0006735327633128808, -0.0058869844505142965, 0.2699168724310608, 0.007553333674628876, 0.00865799467136727, 0.27669603319763814, 0.017459813828744477
212450000, 0.0007606643036473674, -0.0045660498392644175, 0.269947406793798, 0.007574965700710035, 0.010667085602765324, 0.2767138941149303, 0.01800745594447693
212480000, 0.0005777559532179347, -0.0031406424032463065, 0.26997336409906836, 0.007767635658691624, 0.012256993708810261, 0.2766513794907789, 0.01825862693606542
212510000, 0.00103863385247389, -0.0015248316612230478, 0.26998634599243215, 0.008198071169504523, 0.013533170127525425, 0.2765768579317083, 0.01792863096246292
212540000, 0.0013844849909671634, -0.0012200757278242574, 0.2699860299368752, 0.008638536731003316, 0.013905344051829374, 0.2765522566587807, 0.018014297752655378
212580000, 0.0018228380300275714, -0.0015074262729352932, 0.26998169572774217, 0.009086674223727692, 0.013409059683557274, 0.2765496991745049, 0.01784386557940389
212610000, 0.0022322723522987687, -0.0025722377641520695, 0.26996817725213107, 0.009459593019736035, 0.012340870762337919, 0.2765820123196334, 0.017843143900472192
212650000, 0.002049159893299759, -0.003539453776757179, 0.26995761990073097, 0.00936832335679788, 0.010812879598542567, 0.2766509004776295, 0.01744590588081445
212680000, 0.0020471409362529964, -0.004521756156501053, 0.2699381245945993, 0.00891109344558183, 0.009877392578611595, 0.2766354956349215, 0.017300407717680072
212710000, 0.0017771385500812095, -0.005292030202803223, 0.2699231480572509, 0.008497933747440317, 0.009299589379329613, 0.276659744933466, 0.017420280927331777
212750000, 0.0011020487466248399, -0.005303961250773599, 0.26992928335751415, 0.007761909764781999, 0.009215732750183218, 0.27668195998503575, 0.017342834379030066
212780000, 0.0008030215255717346, -0.005191296426530535, 0.26993303614809033, 0.00749334335464108, 0.009438758456833451, 0.276698469041954, 0.01745193382717619
212810000, 0.0007840415123340066, -0.004563238754913938, 0.26994750169761844, 0.00748220224628815, 0.010056679177053898, 0.27666296195794415, 0.01742712724643318
212850000, 0.0009085953588343852, -0.004216512864654208, 0.26995314448137914, 0.007645789731120484, 0.01086551028814791, 0.27669835272054877, 0.017842506678754096
212880000, 0.000899355431726655, -0.0035782707482737014, 0.26996614198967456, 0.008060398978217947, 0.011601480053393017, 0.27665325338716296, 0.01806717570396284
212910000, 0.0013096033210875926, -0.00286297202495932, 0.2699735603109056, 0.008453068110793965, 0.012230127224603975, 0.27661240607424753, 0.01796955779167607
