timestamp, x, y, z, x_ref, y_ref, z_ref, err, q_0, q_1, q_2, q_3, p_0, p_1, p_2, p_3, p_4, p_5
0.01, 0.0005918328809217106, -0.009144050088512464, -0.26211813548533386, 0.02, 0.02, -0.25, 0.03705268970162224, 0.007773199158491369, 0.03408959091748782, 0.02415917097275018, 0.04517423652254581, 88.52999494116195, 0, 63.1934664380575, 88.29058011962029, 0, 63.05510880231827
0.08, 0.0016441315549684146, -0.004483151285823577, -0.2626170858707939, 0.09, 0, -0.215, 0.10047011994097485, 0.011809316420703245, 0.025452665143354054, 0.023428778820048853, 0.04607439244016946, 101.19888673730091, 0, 72.22529020627064, 100.9423375278798, 0, 72.06653262740313
0.15, 0.0065878167856115895, -0.0001722718943516496, -0.2628280916076797, 0.09, 0, -0.215, 0.09615169438459671, 0.02276666996797518, 0.01633956964987447, 0.012334231043829047, 0.017601977047403048, 113.86583914124365, 0, 81.2542629725816, 113.5900437349167, 0, 81.07190505721496
0.21, 0.012842384187848086, 0.0005383352947785748, -0.26275750096446365, 0.08929036492295621, 0.011279660097951087, -0.215, 0.09077691730486037, 0.0454182323674605, 0.0018030555908180605, 0.02562332119269898, 0.003392434849312242, 126.53576845786155, 0, 90.28930037795413, 126.2449549895507, 0, 90.09109731777191
0.27, 0.01744766744827156, -0.0004168442637815364, -0.2628344566160826, 0.08929036492295621, 0.011279660097951087, -0.215, 0.08709946403095131, 0.07260171885935458, -0.003195316881598301, 0.046533475149080815, 0.010160327917139183, 139.20617196121873, 0, 99.32552110916897, 138.90078917786752, 0, 99.11257127137128
0.34, 0.018808734446588538, 7.356037055234339e-05, -0.2627673122983624, 0.08717265040165978, 0.022381443696732457, -0.215, 0.08633065960257569, 0.08958283118925713, 0.0007095037330863276, 0.05979952421745734, 0.00196021725685748, 151.87780764360437, 0, 108.36436245198882, 151.55959664151214, 0, 108.14007162938282
0.41, 0.017720422273640464, 0.00221185604037787, -0.26332260038593613, 0.08717265040165978, 0.022381443696732457, -0.215, 0.08697987104056136, 0.08690495484321918, -0.004162976161585049, 0.06675617102419193, 0.0061648604785270655, 164.54982354302007, 0, 117.40286700029633, 164.21893153850223, 0, 117.16687042965425
0.48, 0.018086959891236647, 0.005845920243621235, -0.26350931188360804, 0.08368025209183239, 0.03313027935057868, -0.215, 0.08602365705438998, 0.08360471770121819, -0.013809331415802449, 0.0640488459601829, 0.002857273342308644, 177.22693226597556, 0, 126.44708139583642, 176.88392761941577, 0, 126.20127463012088
0.55, 0.021545423500991506, 0.009560751058689112, -0.26330679862831713, 0.08368025209183239, 0.03313027935057868, -0.215, 0.0821572052934625, 0.08786704465135747, -0.027265579776105966, 0.06549542890084037, -0.010178872028768528, 189.89810748510126, 0, 135.4858890427585, 189.54214352642464, 0, 135.2291607041101
0.62, 0.02482990955231195, 0.011684819711138774, -0.26299898018279805, 0.07886824395666654, 0.0433566614857709, -0.215, 0.07891228830279114, 0.09920606725345868, -0.03746239395763426, 0.08015770297433371, -0.03107478606387117, 202.56765534753367, 0, 144.52585187860723, 202.19800968648556, 0, 144.25960903187945
0.68, 0.025787879901263126, 0.01219360511125121, -0.2629721791798457, 0.07886824395666654, 0.0433566614857709, -0.215, 0.0780383950765191, 0.10643180945244467, -0.04889159801708978, 0.09296395518027582, -0.035617900739978565, 215.23807164740185, 0, 153.56585954662452, 214.85511284614842, 0, 153.29003885419542
0.75, 0.02640801999955752, 0.012653971322190583, -0.26321896885317414, 0.07281250976868966, 0.05289932344732276, -0.215, 0.07809054997675935, 0.11156310419337466, -0.0506089972966015, 0.10406727105571167, -0.03248534235188656, 227.90729252129825, 0, 162.60695994381985, 227.51037725859743, 0, 162.32280883244522
0.82, 0.029344047646491653, 0.014494463458794245, -0.26293869534276515, 0.07281250976868966, 0.05289932344732276, -0.215, 0.07524997661909202, 0.11181575656061979, -0.05289571023016833, 0.11414736592710419, -0.03574037362022314, 240.57659896523884, 0, 171.64790194011152, 240.1657205386261, 0, 171.35527329114757
0.88, 0.033935194257833604, 0.017864170276181618, -0.2621134660600976, 0.065608546447836, 0.061607780620650074, -0.215, 0.07166856611595203, 0.12424222997921691, -0.06206320024371574, 0.13986793796524308, -0.0373792416336826, 253.2395646565791, 0, 180.68893931049286, 252.8111845920802, 0, 180.38824776375532
0.95, 0.039729194625696504, 0.022262903213427974, -0.2607488600051021, 0.065608546447836, 0.061607780620650074, -0.215, 0.06565606156852422, 0.1491515993476728, -0.07835725663404662, 0.14897565398439042, -0.04979045924451365, 265.89007463299276, 0, 189.7257311745946, 265.44345049091436, 0, 189.41639913752473
1.02, 0.04305294649364706, 0.024308057878903565, -0.2599773477317778, 0.057369958106688095, 0.06934470352403889, -0.215, 0.06523985040968974, 0.1641978529237172, -0.09044647072700038, 0.17197246581300837, -0.062312685736163415, 278.4992371405138, 0, 198.76007029495764, 278.0392863303347, 0, 198.44245693821432
1.09, 0.04431738080597398, 0.024831297426679763, -0.25985900806653733, 0.057369958106688095, 0.06934470352403889, -0.215, 0.06453017667179588, 0.17580839646828988, -0.0967587546069594, 0.18106167553534475, -0.06998101343512302, 291.1417574349022, 0, 207.80085609380455, 290.64316186957905, 0, 207.47321654349656
1.15, 0.045187093769563993, 0.02628721870583585, -0.25967305883125436, 0.0482266645512949, 0.07598808344903084, -0.215, 0.06689616679675471, 0.18240835483506856, -0.09755297321312976, 0.18793889841936604, -0.07862574874985535, 288.93556470812956, 0, 215.37274218620107, 302.5292957217964, 0, 216.4300425414341
1.22, 0.048232865770472394, 0.029674706562894126, -0.2586195971638058, 0.0482266645512949, 0.07598808344903084, -0.215, 0.06362073697926765, 0.18558975679190168, -0.10232037077349627, 0.19221351040344975, -0.08803730659903752, 286.8216102697976, 0, 223.1427891505339, 300.77236555279876, 0, 224.04252586282308
1.28, 0.05231968754135303, 0.033058478786401994, -0.2571533453015557, 0.038322852488914524, 0.08143315649729474, -0.215, 0.06567286620233735, 0.19931711995118442, -0.11753423516143291, 0.20265024216681962, -0.09766153374305106, 284.78836401520374, 0, 231.11588930809287, 298.602022844222, 0, 231.7936620378486
1.35, 0.054930131236421806, 0.0356031128175358, -0.25609764466286, 0.038322852488914524, 0.08143315649729474, -0.215, 0.06375900726893985, 0.2169047306846205, -0.1335310755213406, 0.21908364276145567, -0.10674519547989697, 282.8950766551578, 0, 239.29882459304253, 296.57917912242016, 0, 239.74623171416945
1.41, 0.05274128347547638, 0.03677812647524104, -0.2565743550243107, 0.0278147017514562, 0.08559405567256138, -0.215, 0.06879503191022937, 0.22063670366328625, -0.1423546410662914, 0.2187495664413288, -0.11255111745508437, 281.11993674631873, 0, 247.68819637314596, 294.67852220624036, 0, 247.89981723167466
1.48, 0.04717453398765187, 0.038131835911362016, -0.2578359999916201, 0.0278147017514562, 0.08559405567256138, -0.215, 0.0668011100518255, 0.20666914737193934, -0.14463417422222424, 0.20805198325097954, -0.11860144954305628, 279.45386882526293, 0, 256.27792483667014, 292.9073855974927, 0, 256.2520311560232
1.55, 0.04368650174950452, 0.040986802058021604, -0.25810235423639943, 0.016867922391323533, 0.08840516497467943, -0.215, 0.06946618084512046, 0.18613060299500905, -0.14882679807001792, 0.19692371187542007, -0.1227267485777003, 277.867733067375, 0, 265.0594743743733, 291.2257632318053, 0, 264.79667426127094
1.62, 0.04547922521840035, 0.042950214028783004, -0.25738660291532856, 0.016867922391323533, 0.08840516497467943, -0.215, 0.06842063520355744, 0.17767078257436258, -0.15406854912881296, 0.19578476698899133, -0.13900731048641146, 276.34739578824843, 0, 274.0220331830084, 289.6272058493041, 0, 273.5255865191035
1.68, 0.04825556476179925, 0.04607937595294755, -0.25605143124788715, 0.005655141488841192, 0.089822154142178, -0.215, 0.07357612869842642, 0.18571434385137092, -0.1700987246407122, 0.18693417920873334, -0.1551953361759455, 274.8741668510484, 0, 283.1551202216297, 288.092372767418, 0, 282.4315563380775
1.75, 0.0491538101782257, 0.04808356095783179, -0.25549181314340524, 0.005655141488841192, 0.089822154142178, -0.215, 0.072621148919565, 0.20920856625480358, -0.19225128224029414, 0.17869331843095024, -0.15532248849173205, 273.43229003855697, 0, 292.4455931850757, 286.60795734846124, 0, 291.5035400284071
1.83, 0.04477509769104589, 0.051212560033967944, -0.2558619984781801, -0.00564681911955509, 0.08982267772578942, -0.215, 0.07551697691686461, 0.2102572578682604, -0.20146038372445205, 0.1783604052736699, -0.16117703092561006, 272.0054648289598, 0, 301.88017492106775, 285.15702866926546, 0, 300.7303670422222
1.89, 0.040939202752217164, 0.05382233249646555, -0.2561423906238822, -0.00564681911955509, 0.08982267772578942, -0.215, 0.0718260300776526, 0.19282004307846545, -0.21159135365573664, 0.16128258822110475, -0.1683421526557961, 270.58145087085654, 0, 311.4457911930499, 283.7291695106486, 0, 310.1009451488362
1.96, 0.039960565743748885, 0.05699581419826517, -0.2555193318280612, -0.016859731263041196, 0.08840672746877373, -0.215, 0.07653109091225463, 0.18026782470872219, -0.22355754236854483, 0.1437484756866618, -0.1680418610851838, 269.1434908362352, 0, 321.12618223194875, 282.30368773050736, 0, 319.5989117777587
2.02, 0.0421908753345502, 0.058790255039811876, -0.2545519913849085, -0.016859731263041196, 0.08840672746877373, -0.215, 0.07699655577485814, 0.17519995478455594, -0.2321506023788282, 0.14440950359898744, -0.17585170092301172, 267.68285819573043, 0, 330.9104015591437, 280.8730666712814, 0, 329.2157817647165
2.08, 0.044201690547512225, 0.06060172743417706, -0.25359083375126457, -0.02780677103555429, 0.08559663243712487, -0.215, 0.08543545086955467, 0.186172469857603, -0.24271951339983341, 0.1443869886819859, -0.18620802599841163, 266.18738016783425, 0, 340.78301294178925, 279.4220781879545, 0, 338.935437899081
2.37, 0.032574391376812735, 0.0732658770868138, -0.25209145167024877, -0.02780677103555429, 0.08559663243712487, -0.215, 0.07192849288553368, 0.21604775519144823, -0.25900976818337745, 0.12194894624560415, -0.18441995443885073, 264.65058649441, 0, 350.73341859427694, 277.9442910943883, 0, 348.7485764872863
2.42, 0.032583453621340866, 0.07190207939173116, -0.2525941194198632, -0.02780677103555429, 0.08559663243712487, -0.215, 0.07244196181895066, 0.1604980506465537, -0.3047653907692426, 0.09610683424604664, -0.26975895737124334, 263.06485575761315, 0, 360.74711927868776, 276.42995703893183, 0, 358.63831324672964
2.47, 0.03252788631465356, 0.06976792606092247, -0.25339236897221773, -0.02780677103555429, 0.08559663243712487, -0.215, 0.07324474601232452, 0.16622969283550093, -0.29686472372063416, 0.09197884362424473, -0.2705586110112936, 261.42581286037716, 0, 370.817807605626, 274.8744225000917, 0, 368.6020962199661
2.52, 0.03147246601882859, 0.06863288201357329, -0.2541335483483618, -0.02780677103555429, 0.08559663243712487, -0.215, 0.07302897630746195, 0.14316096747612714, -0.2799838333918394, 0.11679406703900239, -0.2781464832871262, 259.7320030444582, 0, 380.9347006226415, 273.2765026290439, 0, 378.6274074014055
2.57, 0.02893239155618086, 0.07079950204766716, -0.25381244962736926, -0.02780677103555429, 0.08559663243712487, -0.215, 0.07031851737238952, 0.127898474594633, -0.27943950331146805, 0.12146673287633322, -0.274700221637733, 257.97331289117216, 0, 391.0833565637309, 271.6202371817143, 0, 388.6967588073634
2.62, 0.025316166630840353, 0.07663603830353641, -0.25212899135933575, -0.02780677103555429, 0.08559663243712487, -0.215, 0.06542859277789932, 0.11660990781283433, -0.28863186587947504, 0.11918920872345415, -0.28214261354965436, 256.14747917780267, 0, 401.2529871020433, 269.9023719658142, 0, 398.7974993123231
2.67, 0.021852192364735318, 0.0839700093585161, -0.2496517240026706, -0.02780677103555429, 0.08559663243712487, -0.215, 0.060575576967854164, 0.12458513986883094, -0.31696985058129906, 0.0880409642081285, -0.2927849725092268, 254.24510423162542, 0, 411.4268467392176, 268.1130478904768, 0, 408.9165150804467
2.72, 0.0198537671250025, 0.09001212474023924, -0.24722098032678136, -0.02780677103555429, 0.08559663243712487, -0.215, 0.05769935045779617, 0.11130644387681939, -0.3468614149811646, 0.07173743034433591, -0.287800989518926, 252.2734924568759, 0, 421.60448190116335, 266.2551357787317, 0, 419.041400425817
2.77, 0.019231536800121234, 0.09383307281500596, -0.2455611211257341, -0.02780677103555429, 0.08559663243712487, -0.215, 0.05669588590545133, 0.10627523475061279, -0.3718690944735852, 0.06089004295492121, -0.30440664087085073, 250.25894641502012, 0, 431.7872294830303, 264.33342959113486, 0, 429.1838015464529
2.82, 0.019034941837363217, 0.09551450132291145, -0.2446741241956987, -0.02780677103555429, 0.08559663243712487, -0.215, 0.056329955040690834, 0.1050194353275461, -0.3878042881722275, 0.04747242895782184, -0.3218739699168133, 248.1603491449395, 0, 441.9823002988474, 262.3761717945452, 0, 439.3421511221022
2.87, 0.018538426067534287, 0.09603611910078406, -0.244491548638538, -0.02780677103555429, 0.08559663243712487, -0.215, 0.055916112323945596, 0.10588623615769464, -0.39225719182361635, 0.03551854439207876, -0.3330187010971403, 246.0011794883476, 0, 452.18318526994534, 260.3396226931733, 0, 449.52272999576644
2.92, 0.01713372765533716, 0.09647249021496809, -0.24444517416403067, -0.02780677103555429, 0.08559663243712487, -0.215, 0.05481743323560479, 0.10547322653375815, -0.3921114303941187, 0.025348466335891086, -0.3490545357883891, 243.77798282681795, 0, 462.37748048096097, 258.2399808643693, 0, 459.70479261611274
2.97, 0.014726884533523847, 0.09864022407028297, -0.2436147173034032, -0.02780677103555429, 0.08559663243712487, -0.215, 0.05289658954143685, 0.10031172809504739, -0.3922459031831217, 0.019068895812661222, -0.3599338170270577, 241.49010895440134, 0, 472.55825560792016, 256.0748639054094, 0, 469.8787292589522
3.02, 0.011636507124933033, 0.10346594274157254, -0.241459779197712, -0.02780677103555429, 0.08559663243712487, -0.215, 0.050746471384657765, 0.09044773276145399, -0.4020725693338027, 0.009788220329017182, -0.36919654746558417, 239.13315667597996, 0, 482.712488159801, 253.83625661874936, 0, 480.0255901645556
3.09, 0.008276295097406601, 0.11145281262387761, -0.23683147615359468, -0.03831530725015286, 0.08143670689760474, -0.215, 0.05956809014337183, 0.08109067585118451, -0.424246535212354, -0.00813886133338348, -0.405954394829553, 225.68896917505342, 0, 474.5219789005429, 251.3057402650629, 0, 489.78143323907847
3.15, 0.007184894343821621, 0.1172527052269068, -0.23323464517784698, -0.03831530725015286, 0.08143670689760474, -0.215, 0.060708783270453245, 0.05501931916060596, -0.4541993077866255, 0.012351542452562628, -0.44108177040222907, 213.88180790214406, 0, 469.18468134730216, 247.69068791525547, 0, 497.81593466349295
3.22, 0.008202617426828502, 0.11938252483738754, -0.23116229292082321, -0.048219623775586536, 0.07599255149645187, -0.215, 0.07298889505458417, 0.054703563324123, -0.4783712605745056, -0.0039033378486149567, -0.47220367310837547, 201.19742551246935, 0, 462.5353274838993, 234.26427754667702, 0, 489.63194573740816
3.28, 0.008729645917872631, 0.11565463280207179, -0.2334549140199766, -0.048219623775586536, 0.07599255149645187, -0.215, 0.07181144660565389, 0.05839908184473332, -0.4831348312669112, 0.014746901808233407, -0.5194675432515883, 187.41863980471925, 0, 454.2199744525925, 222.67554175664316, 0, 484.63095134043175
3.35, 0.005728947786201118, 0.10780666966195343, -0.23871750965982963, -0.05736353282473112, 0.0693500187589448, -0.215, 0.07760216087700682, 0.04291503109507242, -0.44627841186547645, 0.018792305305414793, -0.5257302598005201, 173.50591188636957, 0, 445.8404409719225, 219.7674682286267, 0, 494.1380212555381
3.42, -0.0012688159966949394, 0.1025407847360045, -0.24172134718793414, -0.05736353282473112, 0.0693500187589448, -0.215, 0.07044341415419632, 0.026882772797590992, -0.4100928484043068, 0.01985667473855405, -0.5127302762608322, 159.44891367643547, 0, 437.38318345105847, 216.82285981551502, 0, 503.656367168193
3.48, -0.008936097654509622, 0.10255436653299639, -0.2414619850857052, -0.06560283798419608, 0.06161385922354904, -0.215, 0.07474945653998502, 0.0011015910411256303, -0.3899635195131664, -0.046676362154056655, -0.46479731930705304, 145.25937784531249, 0, 428.8678640553485, 203.08351185479134, 0, 495.41811598186877
3.55, -0.014293727624558153, 0.10502489790422666, -0.23974110892533212, -0.06560283798419608, 0.06161385922354904, -0.215, 0.07161889105597727, -0.03422259787314987, -0.38948127052896475, -0.058120651394777435, -0.4732715390253926, 130.90159295777693, 0, 420.2399385488446, 189.21535225749355, 0, 487.1081164023367
3.61, -0.014253726062970387, 0.10600833175296862, -0.23945699044097463, -0.07280760814394537, 0.052906069560662884, -0.215, 0.08274389245208995, -0.06684591028352213, -0.3968723688043396, -0.03838977254246154, -0.5058816564040217, 116.35395950107359, 0, 411.4653060592379, 175.18711730119878, 0, 478.6808426175899
3.68, -0.012661846366052373, 0.10321654708063141, -0.2406410654501235, -0.07280760814394537, 0.052906069560662884, -0.215, 0.08249921845416373, -0.03751313532249984, -0.4055351220492532, -0.08684327161773411, -0.4994494494260673, 101.61411049400014, 0, 402.5438283119111, 161.01826894809966, 0, 470.17841805367175
3.75, -0.014036523316217573, 0.09959359282818019, -0.24268034681502693, -0.07886422646781462, 0.043363968725581924, -0.215, 0.09016985817018487, -0.027843043072371836, -0.3903866081634506, -0.09133169562104702, -0.473287364370795, 86.67136002704116, 0, 393.44936269939063, 146.6938656156573, 0, 461.57055196407725
3.81, -0.019035762521727544, 0.09578525820594891, -0.24386400483091786, -0.07886422646781462, 0.043363968725581924, -0.215, 0.08462013627861825, -0.049148755174286, -0.3661885709141977, -0.10327428570912178, -0.49810450307807697, 71.52105299545869, 0, 384.1645108617865, 132.21600400447088, 0, 452.8564108502911
3.88, -0.025361357333916975, 0.09302447593897684, -0.24466723522404496, -0.08367718209333971, 0.03313803248411206, -0.215, 0.08869761199087173, -0.06834857117725998, -0.3474299972838193, -0.12607053959263162, -0.48951407396741187, 56.14614677009982, 0, 374.6544505549238, 117.56147347587012, 0, 444.00268187987314
3.95, -0.02800370792279973, 0.09117869266999869, -0.24513175456211073, -0.08367718209333971, 0.03313803248411206, -0.215, 0.08588467030863325, -0.07751816677780585, -0.34158508865176357, -0.15820736343799624, -0.4829732211482819, 40.541056674109754, 0, 364.8963658969858, 102.72697017654365, 0, 435.00171246801045
4.01, -0.026796550896496844, 0.08974726127971125, -0.24572880150293958, -0.08717057630638453, 0.022389520459643437, -0.215, 0.09553191840628061, -0.0813076919355692, -0.33439691636896024, -0.1732833248448558, -0.4884868155854127, 24.697224832476124, 0, 354.85870978384395, 87.69916357131108, 0, 425.82817178777714
4.08, -0.02427493894628234, 0.08660235943566649, -0.24707688616188372, -0.08717057630638453, 0.022389520459643437, -0.215, 0.09543624318955875, -0.0814931463810184, -0.3180821907088573, -0.16638660394107982, -0.4841815102113972, 1.004185566132108, 0, 340.7910453303689, 72.47349291844424, 0, 416.4673511391363
4.14, -0.024992997472794782, 0.08363064249371742, -0.24822030011453577, -0.08928931943869305, 0.011287933122367024, -0.215, 0.10232826079451339, -0.07788916339017637, -0.31111123556453985, -0.1488196006283104, -0.4491452749910157, 0, 12.282541390085598, 343.72926046630255, 57.04032195452473, 0, 406.89297356769555
4.22, -0.034660210706752945, 0.07851919952003478, -0.24967395288225772, -0.08928931943869305, 0.011287933122367024, -0.215, 0.09330951564959135, -0.09505982732504642, -0.3020517842564501, -0.14307519858407702, -0.39066050768697447, 0, 25.65329070456471, 347.67328029040664, 41.39734036381259, 0, 397.086346869438
4.28, -0.04196306767048322, 0.07487161120308646, -0.2497838843329631, -0.08999999961368906, 8.338823069324219e-06, -0.215, 0.09550903094079524, -0.12736666210527617, -0.2838340873879907, -0.1741930433698111, -0.41224441060067807, 0, 39.10562568670697, 351.60767602850353, 25.53768288863401, 0, 387.0192359469001
4.35, -0.04272481401908514, 0.07383151988127476, -0.2500160137718941, -0.08999999961368906, 8.338823069324219e-06, -0.215, 0.09439770365337445, -0.17130407906654027, -0.2757983447117301, -0.16449818664048535, -0.3893272692504494, 0, 52.636284493143734, 355.5237079017493, 1.1322241222372753, 0, 372.5952242453521
4.41, -0.037468047092470744, 0.07715753312429352, -0.24960019712876086, -0.08929140964068946, -0.011271386976702847, -0.215, 0.10817813299082968, -0.16756459792726858, -0.28001291357326763, -0.16453840153544477, -0.3824365065612827, 0, 66.24151917202263, 359.4108551120229, 0, 12.140471950545177, 375.39933045944395
4.48, -0.032527348767484386, 0.0823968426088834, -0.24799187424829328, -0.08929140964068946, -0.011271386976702847, -0.215, 0.11438688564223708, -0.1263250446008956, -0.29556736627250796, -0.1804274686186475, -0.38675175994163946, 0, 79.914726610739, 363.259205092838, 0, 25.492447116553308, 379.3392263272292
4.55, -0.03585211876852292, 0.0819316782647584, -0.24778905515778982, -0.08717472374858504, -0.022373366741683807, -0.215, 0.12078358470370058, -0.1086225621458893, -0.32233560406987555, -0.19926553384585283, -0.38051231351290293, 0, 93.64793858044337, 367.05688142994256, 0, 38.919405848615156, 383.27169369727864
4.62, -0.048755361009852484, 0.07371948211587546, -0.2488572173754714, -0.08717472374858504, -0.022373366741683807, -0.215, 0.10888615248608045, -0.14157461118621226, -0.30496713844112117, -0.18136972077877195, -0.38284901769892815, 0, 107.43050530893942, 370.7927442151685, 0, 52.412684199616265, 387.1863642144882
4.68, -0.05728048599447238, 0.06651035829606419, -0.24971154582106134, -0.0836833213719562, -0.03312252593263228, -0.215, 0.10875988575291437, -0.20854150794073814, -0.2738520697841775, -0.16707044510278327, -0.3658515880711789, 0, 121.25468926813052, 374.4554336116365, 0, 65.96938214544245, 391.0717647942013
4.75, -0.057891244996901986, 0.06423561649035253, -0.2506789450999531, -0.0836833213719562, -0.03312252593263228, -0.215, 0.10684954947605671, -0.2363728859492991, -0.244081595976007, -0.18814432462178088, -0.3452632433664969, 0, 135.11715969107024, 378.0419279579429, 0, 79.59178490050823, 394.92769848569145
4.81, -0.05306498905012993, 0.06692986167197615, -0.2510647474074753, -0.0788722607684592, -0.04334935387375653, -0.215, 0.11886204886544251, -0.2302420419504085, -0.242857065438018, -0.18937223586193364, -0.3356993950190822, 0, 149.00791976486272, 381.5417639537486, 0, 93.27388741944857, 398.7422580054123
4.88, -0.050379484286302484, 0.0696097111102831, -0.25075510282118857, -0.0788722607684592, -0.04334935387375653, -0.215, 0.12186064192955985, -0.21258196229541104, -0.2599563705033638, -0.17785969575686197, -0.3329497170927747, 0, 162.9186320664594, 384.9494244680005, 0, 107.01067151947005, 402.50959606853587
4.95, -0.05628121133272273, 0.06825553831829743, -0.25015307404392795, -0.07281741076836123, -0.052892576879858565, -0.215, 0.12722440930332027, -0.20998713365848282, -0.26446010567325295, -0.18500815463935022, -0.3306074085401063, 0, 176.83053940776716, 388.24958781654607, 0, 120.78246333277954, 406.2084082422965
5.01, -0.0647855302448695, 0.06423780864509525, -0.2494173313302931, -0.07281741076836123, -0.052892576879858565, -0.215, 0.12234619329536628, -0.2372566521703354, -0.26086589458659254, -0.19417700560324325, -0.31481670396150974, 0, 190.73472004479095, 391.43777512688337, 0, 134.58309205636178, 409.83281250184245
5.08, -0.07177633954501156, 0.060004974599092764, -0.24886822955152346, -0.06561425434824696, -0.061601701488867615, -0.215, 0.12638517292819196, -0.27774843107737657, -0.24272843068178773, -0.21922515577950474, -0.30211071547329504, 0, 202.2968289607354, 392.38172062170804, 0, 148.29033596869576, 413.2655497334489
5.15, -0.07292348966907441, 0.05818518636587083, -0.24906739798087868, -0.06561425434824696, -0.061601701488867615, -0.215, 0.12475139689833734, -0.3001372673996984, -0.22394675005557985, -0.2247127848453364, -0.2876623545978792, 0, 216.15782515069603, 395.34156466129514, 0, 162.1174754002978, 416.7111389470359
5.22, -0.07099486756452993, 0.05773546894267432, -0.25005813006500277, -0.057376382896141796, -0.06933938769383045, -0.215, 0.13252378955306862, -0.3011363673157046, -0.21832580625664155, -0.2311694190328293, -0.2794585093306119, 0, 212.9788018400427, 382.7295518568299, 0, 175.60896453012373, 419.7411031841439
5.29, -0.07136200815515693, 0.055860982653687996, -0.2506495346149786, -0.057376382896141796, -0.06933938769383045, -0.215, 0.13092600875038518, -0.2907492715122822, -0.21730930523132436, -0.2376276090962233, -0.27087597392746166, 0, 225.91541730627716, 384.73151394262345, 0, 189.25475009577673, 422.82360686921345
5.35, -0.07489080750761828, 0.0523001311556718, -0.2506076657978601, -0.04823370491299228, -0.07598361474927594, -0.215, 0.13577638397644012, -0.29179328136475585, -0.20505374763061116, -0.24301725860633736, -0.26581578269848655, 0, 222.61921608016343, 371.976146809346, 0, 186.04643515500612, 410.2714947384651
5.41, -0.07804165555954608, 0.047695993223990374, -0.25024226027248675, -0.04823370491299228, -0.07598361474927594, -0.215, 0.13201203073690643, -0.31028264855036036, -0.19339654163145928, -0.33814889043081164, -0.20737830222615466, 0, 219.29436343941626, 359.1841068227743, 0, 182.7600312681365, 397.6441566869661
5.48, -0.07916262916452124, 0.044819900663791656, -0.2506134924384445, -0.03833039739868636, -0.08142960539790658, -0.215, 0.1373846053073807, -0.3223356820380762, -0.17764303212383237, -0.35422526355852596, -0.19575830568459165, 0, 215.97032014128, 346.3797572370605, 0, 179.4869737017716, 385.02405762195315
5.55, -0.07568637534500065, 0.044230396982722776, -0.251981599187635, -0.03833039739868636, -0.08142960539790658, -0.215, 0.13621139440259827, -0.31777042725211163, -0.16602346994327155, -0.363221755906249, -0.19391675616400933, 0, 212.6422070935319, 333.5581893121705, 0, 176.21985963423236, 372.4047294863902
5.61, -0.07141535441259014, 0.04384440022198124, -0.25348010066566085, -0.027822632228577348, -0.08559147817319974, -0.215, 0.1418967589150083, -0.3010870028718528, -0.16147787786838175, -0.35808849716836944, -0.19814876222319028, 0, 209.3032332057648, 320.71213395592804, 0, 172.94311441544087, 359.77142354327515
5.69, -0.06962444629319306, 0.0422383116789349, -0.25474098693419717, -0.027822632228577348, -0.08559147817319974, -0.215, 0.14023976923554046, -0.28195527045833535, -0.15572346466914855, -0.34909933488283773, -0.20304315899507067, 0, 205.95553093631068, 307.8420943045714, 0, 169.66823890695832, 347.1340699892877
5.75, -0.07049896547563793, 0.03951833347900785, -0.254914812286003, -0.016876113374799807, -0.08840360172165443, -0.215, 0.14433511011786998, -0.2697070123209366, -0.1415272784050841, -0.2824372151474991, -0.2307565603590355, 0, 202.5927388957426, 294.94118127876436, 0, 166.38365610527617, 334.4818679521651
5.81, -0.07200627599450571, 0.036280939530342095, -0.25515126679170397, -0.016876113374799807, -0.08840360172165443, -0.215, 0.14211859091151527, -0.27763602631730094, -0.13378057847207833, -0.30807392206983464, -0.211108336546374, 0, 199.2136809615103, 282.00655604888084, 0, 163.0941024959206, 321.81812813382356
5.88, -0.07118944655659226, 0.03284378168413452, -0.2560918946248535, -0.005663463809579472, -0.08982162978747148, -0.215, 0.14501379724122906, -0.28288623004382163, -0.12630400971615038, -0.29764805044227616, -0.17455061380663475, 0, 195.81565019810793, 269.03444177804784, 0, 159.7988480462911, 309.1419169458444
5.95, -0.06700020230912236, 0.029897425105486063, -0.2578142160333005, -0.005663463809579472, -0.08982162978747148, -0.215, 0.1411662306954833, -0.26318106463180063, -0.1130604645085443, -0.29572328870027637, -0.15040087743261824, 0, 192.40159059859724, 256.02606852699836, 0, 156.51071858925724, 296.46457719292033
6.01, -0.06306259123748889, 0.028113969018367147, -0.2591576458245663, 0.005638496701793068, -0.08982320053830117, -0.215, 0.14345352254945545, -0.2568131713011953, -0.10290694524315959, -0.26774116649972646, -0.13399678003901774, 0, 188.95534530062187, 242.96453584922966, 0, 153.208261852544, 283.7644618186868
6.09, -0.061292435172667505, 0.026101633363029272, -0.25986267908462346, 0.005638496701793068, -0.08982320053830117, -0.215, 0.14117711121596394, -0.239494998226747, -0.09709616036448747, -0.25110703428066633, -0.11875917805613183, 0, 185.47936571423287, 229.84988074409023, 0, 149.90634088627948, 271.05332683386257
6.15, -0.06265999118404887, 0.024662754721525404, -0.25960078039139006, 0.01685153999002357, -0.08840828920392384, -0.215, 0.14524590932469447, -0.23815620129403248, -0.0926916638004134, -0.2460850023144241, -0.10877626827848604, 0, 181.96284084719636, 216.67125556405992, 0, 146.59723818987308, 258.3234509366182
6.21, -0.06318077680058948, 0.021045879749138116, -0.25967981546403585, 0.01685153999002357, -0.08840828920392384, -0.215, 0.14276439591851595, -0.24047185590872558, -0.08144300273957598, -0.25188853914106074, -0.10899445444039427, 0, 178.3984233052555, 203.42125341609287, 0, 143.28359739931042, 245.57617102824824
6.28, -0.058859683879602574, 0.01329594179312117, -0.2615245316726891, 0.02779884008094015, -0.08559920846686793, -0.215, 0.13947932666645915, -0.23625557389617766, -0.06033535250397422, -0.2447779173050431, -0.0938910620047166, 0, 174.77399113066832, 190.08874250554183, 0, 139.9623533863005, 232.80747490558298
6.35, -0.05202554895946501, 0.006268957569311821, -0.26352011882167936, 0.02779884008094015, -0.08559920846686793, -0.215, 0.13101868167171785, -0.21102577258978633, -0.03245456506384779, -0.23250569708456728, -0.06673193686865928, 0, 171.0779925908731, 176.66311887830733, 0, 136.63677145775978, 220.01700467091592
6.41, -0.047728015237019916, 0.0034049130294890036, -0.26436612630795553, 0.0383077616824663, -0.08144025659880601, -0.215, 0.1305292003578003, -0.20720188531342798, -0.011301094869793185, -0.20048102751175803, -0.050728540769698766, 0, 167.28781619053927, 163.1269233915071, 0, 133.29581121779137, 207.19337231635632
6.49, -0.04672857792088957, 0.0016454139188901203, -0.2644133304802094, 0.0383077616824663, -0.08144025659880601, -0.215, 0.12874814533677298, -0.17046875096356442, -0.0032602414365883155, -0.20723814375356853, -0.03646352561123838, 0, 163.38459192105506, 149.46641453938142, 0, 129.94199180197975, 194.33348530748626
6.55, -0.048182405762723965, 1.9146492498019847e-05, -0.2639996329178123, 0.048212582585927824, -0.07599701889150053, -0.215, 0.13217948102676333, -0.17157576362762358, 0.00037361036223401727, -0.20075316412035446, -0.024712825732604218, 0, 159.3398972566507, 135.6688349618074, 0, 126.56698479593342, 181.43235892892386
6.62, -0.04854651984047897, -0.0034583282925339832, -0.26374477612156655, 0.048212582585927824, -0.07599701889150053, -0.215, 0.13038496360899182, -0.1764130329798969, 0.007439002630490029, -0.20058286907393216, -0.013524438453245899, 0, 155.12170487062556, 121.71310488571558, 0, 123.16663652665311, 168.47478310267365
6.68, -0.04514140264344673, -0.007748002628098489, -0.2641345988199813, 0.05735710705032608, -0.06935533339850249, -0.215, 0.12928888774871147, -0.17205981848526267, 0.03179177149315481, -0.19818352131928832, -0.015301033712361746, 0, 150.69125559673927, 107.5905142333179, 0, 119.72892298716636, 155.45329692257314
6.75, -0.03864630882071101, -0.01259361362980115, -0.2648259325183394, 0.05735710705032608, -0.06935533339850249, -0.215, 0.12215225025078329, -0.15519444308036956, 0.05223885948853228, -0.17918943446421895, -0.009343832288577282, 0, 146.0077989811183, 93.29169714015002, 0, 116.24394146511352, 142.35048843769988
6.81, -0.03428039380202229, -0.015047672180945012, -0.26516313008903675, 0.06559712895737625, -0.06161993729751233, -0.215, 0.12108193527926299, -0.13321649537006555, 0.06835379319203093, -0.162139103677421, -0.0053180789115174895, 0, 141.02545196766783, 78.81988294150327, 0, 112.68917807772223, 129.1490344388432
6.88, -0.03337656280410631, -0.016036736056009242, -0.26495396112148134, 0.06559712895737625, -0.06161993729751233, -0.215, 0.11987083935656244, -0.11646959579323608, 0.07805338812327015, -0.15126292201655944, -0.0017606662656391224, 0, 135.70551254582037, 64.18490153114203, 0, 109.04368562606052, 115.8176661908732
6.95, -0.034412123944997514, -0.015984576505521663, -0.2643473153212284, 0.07280270589417046, -0.05291281521982097, -0.215, 0.12366839564494543, -0.11617412012569237, 0.08269178765881854, -0.14656457172330403, 0.003798039437450088, 0, 130.01250990165346, 49.43162384696929, 0, 105.25963899591962, 102.33973749635413
7.02, -0.03156565638758685, -0.014798611544905643, -0.26448741267085435, 0.07280270589417046, -0.05291281521982097, -0.215, 0.12163244460259978, -0.11796499108976288, 0.07719688110983608, -0.14743262427007625, 0.011362546945452866, 0, 123.93937093592186, 34.59285558347307, 0, 101.29780341714002, 88.6575420192742
7.08, -0.02684344957034839, -0.01584371176451537, -0.264697126805523, 0.07886020830193784, -0.043371275593127014, -0.215, 0.12000347691064563, -0.10433754658047728, 0.0745030887821291, -0.1400279309617448, 0.013230901782888223, 0, 117.36401136454174, 20.126828735144766, 0, 97.08900414591065, 74.72232222882417
7.15, -0.022228941718830046, -0.020732839828732825, -0.26448076803239384, 0.07886020830193784, -0.043371275593127014, -0.215, 0.11480357760477453, -0.08148283169009692, 0.0842917445976422, -0.12480551532270995, 0.02070960182601598, 0, 105.8542084839669, 19.544299145477332, 0, 92.3648728360451, 60.82288924090229
7.21, -0.020722206744150862, -0.025580116744739107, -0.26374720106322463, 0.0836741113765045, -0.033145785333165964, -0.215, 0.11546480065300176, -0.0677232882062095, 0.09922555035101478, -0.11272210677244662, 0.03515639899538695, 0, 94.31112921988381, 19.049825925958878, 0, 80.09891541491623, 59.90983581243511
7.28, -0.02031591207474661, -0.025896337082012343, -0.26358182166213384, 0.0836741113765045, -0.033145785333165964, -0.215, 0.11500727313239492, -0.060340387458187913, 0.11873689228100968, -0.11902435973218921, 0.0449442845267527, 0, 82.75751309160071, 18.563009186156897, 0, 67.54935615024377, 58.83116810123971
7.34, -0.01894202151380974, -0.02072567400716414, -0.26383834111077203, 0.08716850146277703, -0.022397597030347632, -0.215, 0.11682218100777063, -0.05858295210700792, 0.1057265885787483, -0.11358242706116763, 0.051882883716697185, 0, 71.19145669024144, 18.075542362634717, 0, 54.6337012375422, 57.43300364528375
7.41, -0.01658112513445746, -0.013856519458381145, -0.26365404559732614, 0.08716850146277703, -0.022397597030347632, -0.215, 0.11490931719465845, -0.056370049342590746, 0.08289435296697345, -0.08964606025323713, 0.0218981984979728, 0, 59.770556436412924, 17.13930741942139, 0, 50.492356223932504, 44.18709172733391
7.48, -0.013022842951481725, -0.012403133027160496, -0.26368332386988014, 0.08928827318790893, -0.011296206049879907, -0.215, 0.1133086748490183, -0.04619070532733505, 0.06406195324403734, -0.07516436932372773, 0.02407281297552435, 0, 48.140787709488876, 16.672190147653026, 0, 37.45690332201898, 42.74242423418815
7.55, -0.009780325895205218, -0.014562300013245159, -0.2632187691801281, 0.08928827318790893, -0.011296206049879907, -0.215, 0.11022841918178274, -0.028110434500356406, 0.06485836162677396, -0.07295113523812075, 0.00995191502177422, 0, 36.426116088128225, 16.186618580180983, 0, 23.863210910602493, 40.462020014749
7.61, -0.008136219377572827, -0.018050203343807684, -0.26293866782278674, 0.08999999845475622, -1.6677646067461922e-05, -0.215, 0.11069797275537109, -0.0158311513685068, 0.07779581963535968, -0.06349307991191601, 0.015036989735873214, 0, 24.472329066579274, 15.626847998931598, 0, 9.991028449745226, 37.14707504137412
7.68, -0.006981764883679091, -0.017616194895773665, -0.26249097513219366, 0.08999999845475622, -1.6677646067461922e-05, -0.215, 0.10941022871131208, -0.011377315094738463, 0.08983485976770263, -0.05411287059316723, 0.017024662231129, 0, 11.732265894656507, 14.48725870208484, 4.895168832193372, 0, 37.27512747616363
7.74, -0.006836749613710539, -0.013154437937904283, -0.2623604094162236, 0.08929245359188392, 0.011263113758692805, -0.215, 0.10990927585909564, -0.017916223603729214, 0.08744230173912301, -0.01866727904744172, 0.00240130025013329, 2.5363940451212796, 0, 13.315485934687857, 19.48319919609438, 0, 46.126189020418266
7.82, -0.0021712161532979014, -0.0019670627011065043, -0.2624754050366393, 0.08929245359188392, 0.011263113758692805, -0.215, 0.10389684564897085, -0.004369989139593212, 0.04480675435835459, -0.033821156616310584, 0.01207527548845089, 15.953427663163168, 0, 21.645903780802414, 32.75680740736933, 0, 54.26857224135255
7.88, 0.0006570533119404725, 0.0007144106953051637, -0.26235936602889826, 0.08717679634714266, 0.022365289594566268, -0.215, 0.10098185996824899, 0.011749584201466913, 0.007586240346998147, -0.03005615078221512, 0.004974989222394972, 28.479971142650285, 0, 30.13610616237316, 45.49747694911032, 0, 62.43709145924806
7.95, -0.00035981624120628953, -0.005213466628756674, -0.2624513306614959, 0.08717679634714266, 0.022365289594566268, -0.215, 0.10331928725951794, 0.019532038435127557, 0.006062321435311321, -0.021354676621567877, 0.005441103651420509, 41.01269233298872, 0, 38.89499478487069, 58.05024021703228, 0, 70.76918275241117
8.02, -0.0035974068139492795, -0.012785325748876251, -0.26242298614659, 0.08368638993368505, 0.033114772230338776, -0.215, 0.10942677818634498, 0.011263383466401674, 0.027154418496166028, -0.019929516226098377, 0.013095747170036465, 53.59132279230229, 0, 47.776368027156046, 70.55624505613952, 0, 79.26187754919566
8.08, -0.004590680104090632, -0.013301685635677258, -0.26240660846657443, 0.08368638993368505, 0.033114772230338776, -0.215, 0.11042968433163738, -0.002080898533565453, 0.05741858427326085, -0.007513613468096817, 0.016856414098850112, 66.19797317196101, 0, 56.71523392777233, 83.05748888825734, 0, 87.87308261994332
8.15, -0.001884317546980558, -0.0064127011388333275, -0.2628254364067352, 0.07887627690315842, 0.04334204588960098, -0.215, 0.10623126110189027, -0.008033793499573111, 0.04906108280738435, 0.002954967249207055, 0.01984571404752011, 78.82143987867298, 0, 65.68540434541244, 95.56832236973999, 0, 96.57188821591534
8.21, 0.0010102359780190197, 0.0023479699020121916, -0.26297285372470114, 0.07887627690315842, 0.04334204588960098, -0.215, 0.10022489356404056, 0.00010279821831940372, 0.01789909010294475, 0.01236757053187699, 0.018028428043641936, 91.45631634292661, 0, 74.67409281935595, 108.09393513872898, 0, 105.33447036446042
8.28, 0.0034146014901732377, 0.007591884544367402, -0.263166881438385, 0.07282231114291851, 0.05288582985832751, -0.215, 0.09585937673928012, 0.01233816221314661, -0.0183203217648856, 0.025063095348473816, -0.009716004784736625, 104.09752485795656, 0, 83.67501743664195, 120.63232020508121, 0, 114.14594321964785
8.35, 0.008205099566042014, 0.003433827168475433, -0.263605423415513, 0.07282231114291851, 0.05288582985832751, -0.215, 0.0947806509125637, 0.02941288309924624, -0.021126122087854513, 0.021693858570791702, -0.020093997828895056, 116.74480850875942, 0, 92.68558249500516, 133.18550382473052, 0, 122.99673566031221
8.42, 0.013945864113408684, -0.0023374925285073052, -0.2638024851467099, 0.06561996168538053, 0.06159562182825326, -0.215, 0.09559988508218581, 0.051458898538519746, -0.0015823869365134762, 0.02194573935755092, -0.02130335293288041, 129.38823491933107, 0, 101.70085004438118, 145.7416765516644, 0, 131.87641012533751
8.48, 0.016641961561848523, -0.0011611821255746464, -0.263707894821149, 0.06561996168538053, 0.06159562182825326, -0.215, 0.09332588042182084, 0.07274688807237525, 0.01699100418283022, 0.035449665391658426, -0.02293287602328599, 142.0355154929669, 0, 110.72049482072462, 158.308984294622, 0, 140.77858848399453
8.55, 0.015915929212647794, 0.0067929627624086055, -0.26367530764814967, 0.05738280719303779, 0.06933407126836452, -0.215, 0.08944371301123585, 0.08148966810894802, 0.0013106731578195118, 0.047270531444401874, -0.01859756283094677, 154.67845221845013, 0, 119.74233885368513, 170.8753218588081, 0, 149.69761449354434
8.61, 0.014819004716553948, 0.013021037149184098, -0.26373558974838934, 0.05738280719303779, 0.06933407126836452, -0.215, 0.08577874329394447, 0.07406590745059805, -0.026459211130375762, 0.05283897465176955, -0.036137130174717286, 167.33253887985768, 0, 128.76861211597395, 183.4595428733968, 0, 158.63215125009276
8.68, 0.014997935694305747, 0.015180518630757875, -0.26399553967053896, 0.048240744860619106, 0.07597914539722496, -0.215, 0.08486530672520692, 0.06632003742552794, -0.05323174705965038, 0.059557235573996004, -0.04755172753011604, 179.99122151799378, 0, 137.7987730995519, 196.03935648073065, 0, 167.5803704728539
8.75, 0.0182119767398001, 0.012898319685231467, -0.2642739028000221, 0.048240744860619106, 0.07597914539722496, -0.215, 0.08549172465511994, 0.06917415558868532, -0.052512150631325104, 0.07770321489513783, -0.061364795782055254, 178.0437129858621, 0, 145.76581697604897, 208.60855912835535, 0, 176.54174976427646
8.82, 0.023494142558585195, 0.011349261719759036, -0.26370619039180665, 0.03833794197940448, 0.08142605359947033, -0.215, 0.08662209951208066, 0.08235462774165428, -0.04226895683902847, 0.08545791075709008, -0.06944358551379878, 176.29193031145337, 0, 154.0594590840715, 221.23828285484223, 0, 185.51212713009988
8.89, 0.02858642027120349, 0.013964884511076258, -0.2633067365579758, 0.03833794197940448, 0.08142605359947033, -0.215, 0.0835442535862287, 0.10550784992279923, -0.03452678779908472, 0.11087915306291886, -0.061443766157616674, 174.65799368440895, 0, 162.66873237532639, 219.5808852783519, 0, 193.88584875298096
8.95, 0.030519841704138306, 0.01889308275192421, -0.2627257059565363, 0.02783056246685094, 0.08558889993906166, -0.215, 0.0820567319732265, 0.12264137040815096, -0.05396965376689874, 0.12295795078502761, -0.07513355794754822, 173.12859687447718, 0, 171.57641152058957, 217.96154462943653, 0, 202.50768485961197
9.02, 0.02866659835391723, 0.023929602055364204, -0.262573604888024, 0.02783056246685094, 0.08558889993906166, -0.215, 0.07788334772951674, 0.12507094740133587, -0.07184210262206399, 0.1330863289814452, -0.08844920941520361, 171.684382895854, 0, 180.75527794237493, 216.45769727652578, 0, 211.36887710913712
9.08, 0.024875861763629867, 0.025214029604265335, -0.2630135245792354, 0.016884304213400977, 0.08840203770971192, -0.215, 0.07976144371144145, 0.11401178737214336, -0.0904088651562013, 0.13729450661628598, -0.11396671624214999, 170.26756054460185, 0, 190.17274596169062, 214.99946209345836, 0, 220.4514201421124
9.15, 0.021686367519962592, 0.025329338713446673, -0.2636966361848832, 0.016884304213400977, 0.08840203770971192, -0.215, 0.07982848831336205, 0.0980863409918613, -0.09506019697846, 0.12038244775660804, -0.09357889665582102, 168.85450287731072, 0, 199.79548323091254, 213.5948334782964, 0, 229.73802505882594
9.21, 0.021710784148889523, 0.02535668442619897, -0.26360833131454964, 0.0056717860816997406, 0.08982110466167423, -0.215, 0.08231452367887636, 0.09084547306783751, -0.09596621836879168, 0.10964523104013722, -0.09269267983529643, 167.39846492783195, 0, 209.5892542039937, 212.18334299937015, 0, 239.2076807190101
9.28, 0.024031550000287963, 0.02736394184280681, -0.26314156527168914, 0.0056717860816997406, 0.08982110466167423, -0.215, 0.0809665883271434, 0.09491688886049995, -0.09539621497297422, 0.10999033414817251, -0.09930692530646357, 165.88402713701163, 0, 219.51968228965075, 210.76416785494177, 0, 248.83669112516503
9.35, 0.024672373005686636, 0.031773553730570316, -0.26245920729078465, -0.005630174235625037, 0.08982372257970889, -0.215, 0.08087300433021571, 0.10381550516545208, -0.10720659812979538, 0.10852624204306453, -0.11156523611385029, 164.29206165609247, 0, 229.55451839144354, 209.31669698558807, 0, 258.6003802714785
9.41, 0.022337023357510425, 0.036559497133464486, -0.2619239142963579, -0.005630174235625037, 0.08982372257970889, -0.215, 0.07629610466133756, 0.10347137627281873, -0.12277599717118605, 0.10732628900662156, -0.12252306390553411, 162.61023205896385, 0, 239.6669332841907, 207.82769860388916, 0, 268.478290083549
9.48, 0.018431394085380047, 0.04043624974777241, -0.2616795873909834, -0.0168433485723395, 0.08840985018011663, -0.215, 0.07566212848580862, 0.09112458855450856, -0.14411467106348996, 0.09401999571180292, -0.13404714836773618, 160.8278571024058, 0, 249.83226548599336, 206.28017869248797, 0, 278.4488972787215
9.55, 0.016649948766509746, 0.04141903174005344, -0.26176019206891316, -0.0168433485723395, 0.08840985018011663, -0.215, 0.07427283182037156, 0.07719967420698678, -0.15526089359370218, 0.08305896088741323, -0.1431040278623703, 158.94203841892244, 0, 260.03216310965644, 204.66813421322001, 0, 288.49675992601664
9.61, 0.01749995197040451, 0.041451739683628266, -0.2617879458697907, -0.027790908887680463, 0.0856017837617689, -0.215, 0.07867401316878808, 0.07274583314186918, -0.15555456944332471, 0.08612802732556168, -0.15049933904437546, 156.96262966196932, 0, 270.2466650816, 202.97844339778166, 0, 298.6028417364539
9.68, 0.018964751646741346, 0.04347080276283678, -0.26128893910075773, -0.027790908887680463, 0.0856017837617689, -0.215, 0.07812667428616252, 0.07853463726225796, -0.15700611022313785, 0.08117372838246315, -0.15525074417347876, 154.8637875424662, 0, 280.4666315684358, 201.20966152506443, 0, 308.7534983460911
9.74, 0.018388906078085705, 0.04745459662929876, -0.26050981245334776, -0.038300215785918634, 0.08144380560086856, -0.215, 0.0802500211449434, 0.08388115746455667, -0.1688884831437094, 0.07635849947784454, -0.16425874664208825, 152.65856351690996, 0, 290.675071999599, 199.35350801310653, 0, 318.92945131969276
9.81, 0.015340715453218039, 0.05294789444581464, -0.2594421122749009, -0.038300215785918634, 0.08144380560086856, -0.215, 0.07526265873734073, 0.07775689454787381, -0.19048581194170508, 0.07313485971902967, -0.1744022773701039, 150.35189967374438, 0, 300.8641099279525, 197.41121708096176, 0, 329.12074732179536
9.88, 0.01105869798536423, 0.05702512024118241, -0.2587288611334922, -0.048205540982378135, 0.07600148563413915, -0.215, 0.07605633280657781, 0.06338725389499222, -0.209883672821313, 0.066912056808798, -0.18464853396797135, 147.9474390874943, 0, 311.0323912617766, 195.39794021942126, 0, 339.31851743709706
9.95, 0.007209457907039727, 0.05865000019245277, -0.2584074012113557, -0.048205540982378135, 0.07600148563413915, -0.215, 0.07249895605366219, 0.04449906238255491, -0.22256803154129767, 0.07086262351479683, -0.20690809613224742, 145.4494889191916, 0, 321.1630264228799, 193.28116233783172, 0, 349.51082236941954
10.01, 0.004743722155476455, 0.05977186604558298, -0.2582014760955008, -0.05735068078352741, 0.06936064744266693, -0.215, 0.07624976814300857, 0.033771461236290705, -0.22665459643946542, 0.06422478262430915, -0.2102269936733388, 142.86462182499682, 0, 331.2581865045556, 191.0806457405242, 0, 359.6945394990311
10.08, 0.0022273242807648954, 0.06232940616688908, -0.2575114462127248, -0.05735068078352741, 0.06936064744266693, -0.215, 0.07352686652113251, 0.019807931343608632, -0.2306290309095014, 0.059598325008091, -0.22498201757951605, 140.1918772171647, 0, 341.3103984919707, 188.78943098214293, 0, 369.85267312065344
10.15, -0.0003258122811895317, 0.06652538250262453, -0.2562520605906258, -0.06559141936742485, 0.06162601484248841, -0.215, 0.07736495185015434, 0.009997262739126758, -0.2419022661900869, 0.05139720434928088, -0.24175411651168438, 137.43381298488828, 0, 351.3110991456442, 186.40529605146872, 0, 379.9702750133543
10.22, -0.003444104340716745, 0.0714122029760786, -0.2546196334317757, -0.06559141936742485, 0.06162601484248841, -0.215, 0.07434899862461632, 0.003129075197896832, -0.26325455009775683, 0.04356722386836046, -0.2444355906888451, 133.6676167983752, 0, 359.7370234075819, 183.80968497996727, 0, 389.84237989368404
10.28, -0.005900161716593039, 0.07493033903862238, -0.2535413143813002, -0.07279780301940646, 0.05291956042473987, -0.215, 0.08028201356037012, -0.007901854799486846, -0.2837704258903554, 0.03522086448349741, -0.25837036698785165, 119.50610099236987, 0, 351.24052505588327, 170.29423852190865, 0, 381.71146927225124
10.35, -0.007879699685591154, 0.07715472779107645, -0.252650402199967, -0.07279780301940646, 0.05291956042473987, -0.215, 0.07886226133933483, -0.02094122530167345, -0.2976893717274682, 0.01745213514897429, -0.2916390301394588, 105.13782821382215, 0, 342.6053375137846, 156.62181885527912, 0, 373.499402876322
10.42, -0.008577282572273158, 0.07719410861190645, -0.25253164834416214, -0.0788561894590704, 0.043378582088343935, -0.215, 0.08655194518148467, -0.023305851307701225, -0.30135994900120533, 0.00408519256006591, -0.30286994167967574, 90.54239631208603, 0, 333.7999685115392, 142.77172297881083, 0, 365.18266824174316
10.48, -0.00847694817691068, 0.07489520655376537, -0.2533805223470362, -0.0788561894590704, 0.043378582088343935, -0.215, 0.08613709837682135, -0.023253765886917552, -0.2983285420807103, -0.010454445473892637, -0.3080464468862273, 75.71109567887686, 0, 324.80632603420565, 128.75197544027787, 0, 356.7806908377661
10.55, -0.00909522073336368, 0.07084552464687785, -0.25477257849345253, -0.08367103994135286, 0.0331535378976744, -0.215, 0.09254240474324546, -0.01895914058947769, -0.2829793697507646, -0.023269635805776456, -0.3050256800081683, 60.62091566272143, 0, 315.57959002287566, 114.52922750942919, 0, 348.24516658740254
10.61, -0.012297021988929338, 0.06833029089007851, -0.2554276439871592, -0.08367103994135286, 0.0331535378976744, -0.215, 0.08925272426158196, -0.022444228602161775, -0.26783842617226566, -0.03043798747440468, -0.30217582766727835, 45.26204150914887, 0, 306.0890893280989, 100.09846048381515, 0, 339.5692064619062
10.68, -0.01902179623172063, 0.0676125091462919, -0.25525356712873787, -0.08716642587085496, 0.022405673408776344, -0.215, 0.09114657543013509, -0.04443017588884837, -0.24754981771029755, -0.04410497061834273, -0.3110536882060594, 29.618934229055995, 0, 296.28829253097837, 85.43438867283521, 0, 330.70969388749654
10.75, -0.02504832026664578, 0.06746723719475002, -0.25510828209470443, -0.08716642587085496, 0.022405673408776344, -0.215, 0.08659028737266926, -0.07497897120089099, -0.24368691201700146, -0.07379591779554458, -0.31491906108959367, 6.257201416650503, 0, 282.62223329612107, 70.52466016363391, 0, 321.64254129984914
10.81, -0.026937316472868858, 0.0656521451937053, -0.255254079042687, -0.08928722617061276, 0.011304478880419145, -0.215, 0.09198679770810596, -0.09313803284545719, -0.24210889615422887, -0.11454440547120917, -0.3501085985489903, 0, 6.994172245757625, 280.30358466530333, 55.35316412304773, 0, 312.3320188740504
10.88, -0.028330478118577813, 0.06150896793936159, -0.25622979878602076, -0.08928722617061276, 0.011304478880419145, -0.215, 0.08908485933470679, -0.1069916524889491, -0.23397988342435266, -0.10538400557713298, -0.32726700354140226, 0, 20.350588124953063, 284.24794257154804, 39.907796768511375, 0, 302.74331351360047
10.95, -0.028870972157627548, 0.057215754630099175, -0.25731085500420825, -0.0899999965232015, 2.5016468923146673e-05, -0.215, 0.0937963037784233, -0.11412405522987795, -0.22345756301272757, -0.1127895531613761, -0.3111348230036188, 0, 33.80784766671124, 288.18212371742254, 24.176187216820452, 0, 292.8315052327727
11.01, -0.02839909727140965, 0.05487645747220425, -0.2578345075122755, -0.0899999965232015, 2.5016468923146673e-05, -0.215, 0.09294162900759284, -0.11152078840738404, -0.21297296092982648, -0.10201443599876359, -0.2728617384605698, 0, 47.35926034693621, 292.09354761808675, 1.7268967737346799, 0, 279.4325871549352
11.08, -0.027064321164513086, 0.05467413753223795, -0.25790617823501405, -0.08929349677653063, -0.011254840443991776, -0.215, 0.10029975356438468, -0.10823766860878015, -0.20896667537773517, -0.08880156142475545, -0.2465204122547351, 0, 60.99821341350889, 295.96430612525944, 0, 11.55077011713739, 281.64580831027064
11.15, -0.027468122552148186, 0.05563655746747221, -0.2574940689597252, -0.08929349677653063, -0.011254840443991776, -0.215, 0.1005116008691963, -0.10516289166958906, -0.21064977376985228, -0.09049775363552026, -0.24615585876722498, 0, 74.71451216218735, 299.77861934873, 0, 24.932119529937765, 285.58557772795876
11.21, -0.030117683439659086, 0.05620768939400336, -0.25719777024671214, -0.08717886819731484, -0.0223572122554492, -0.215, 0.10587291622945778, -0.10427862749774613, -0.21721437959917522, -0.09933439436087849, -0.2525881079277214, 0, 88.49650709991363, 303.5206052632471, 0, 38.4110917091091, 289.5085269563391
11.28, -0.03841545156300656, 0.05413153535257953, -0.2570506208522625, -0.08717886819731484, -0.0223572122554492, -0.215, 0.09998326873310648, -0.1299272385524729, -0.21323163974509854, -0.10497652428765342, -0.2739898864588465, 0, 102.33140192617917, 307.17566107114254, 0, 51.979682939103945, 293.39903833224656
11.34, -0.044123295146624074, 0.05034541683118766, -0.25709755946036955, -0.08368945777699256, -0.033107018243764844, -0.215, 0.10149874214861622, -0.1610186846723425, -0.19781403798119623, -0.12083379272180311, -0.2720897996963247, 0, 116.20697810585315, 310.7311829322981, 0, 65.63010955144254, 297.24159454692335
11.42, -0.044312320202449657, 0.04638067335284295, -0.2584031292613038, -0.08368945777699256, -0.033107018243764844, -0.215, 0.09875567684237377, -0.17749925176429387, -0.18406482358489282, -0.13764823898707443, -0.24881165405152753, 0, 130.11100101010888, 314.1776474122729, 0, 79.35386025523724, 301.02406684636696
11.48, -0.04159962533187438, 0.04528135287030735, -0.2592446660252902, -0.07888029236072973, -0.04333473753336693, -0.215, 0.1058312339729535, -0.1703068136070953, -0.17258587968662134, -0.14663797500614167, -0.23857466390217041, 0, 144.02974834162916, 317.5032333360733, 0, 93.13984090576322, 304.7283936285593
11.55, -0.04206418927356217, 0.04421119927861984, -0.2593627240084394, -0.07888029236072973, -0.04333473753336693, -0.215, 0.10482255377666724, -0.16204612574188978, -0.17110456419068984, -0.14226317025222524, -0.19549224334817597, 0, 157.95099567593826, 320.7027305299473, 0, 106.97669365906988, 308.3447260201955
11.61, -0.047319418570951954, 0.04285283004015067, -0.2586545693930267, -0.07282721089231925, -0.05287908238278777, -0.215, 0.10826341927979988, -0.16788877501797894, -0.1656560303539418, -0.13031515088502407, -0.20570432321901655, 0, 171.85641322655852, 323.764149263704, 0, 120.84305662644245, 311.8508416376026
11.68, -0.05532904594179242, 0.04167935411671956, -0.2573754218358331, -0.07282721089231925, -0.05287908238278777, -0.215, 0.10508644092190013, -0.19004716593808665, -0.16683859135639176, -0.18076048891829577, -0.18471248063731455, 0, 185.7214369340362, 326.67231818719347, 0, 134.7142489860517, 315.2259456489069
11.75, -0.06005108546431776, 0.04036798607443849, -0.25664488777512817, -0.06562566845918753, -0.06158954163885941, -0.215, 0.11027560977286692, -0.21788034582484508, -0.15993994481633908, -0.2013560167894812, -0.18083757092143135, 0, 199.53194758790175, 329.4241826718685, 0, 148.5755609829916, 318.46187664967124
11.82, -0.06032215709414509, 0.03856406387224104, -0.2571686815847449, -0.06562566845918753, -0.06158954163885941, -0.215, 0.10879829794747649, -0.24894294835095418, -0.1602907840994178, -0.19296827541801326, -0.16681120681282907, 0, 213.28964871253302, 332.02864147949253, 0, 162.42453607166817, 321.56040201925714
11.88, -0.05963650887440055, 0.03653935136463947, -0.2579185627728531, -0.05738923099732061, -0.06932875424768697, -0.215, 0.11425895621038576, -0.2327463324158098, -0.14981278795768893, -0.21087628676652023, -0.1615176219064103, 0, 227.0165116543048, 334.5109551865916, 0, 176.26199403650867, 324.5243276455507
11.96, -0.06187036666060518, 0.03348246098670553, -0.2581464967540041, -0.05738923099732061, -0.06932875424768697, -0.215, 0.11158784314139523, -0.22817646576042952, -0.14080778621418305, -0.2180809924653636, -0.14495817211158227, 0, 240.6351056107456, 336.8129380452429, 0, 190.05613127676952, 327.3348651675564
12.01, -0.06509522771946454, 0.03123887247211181, -0.2576491634840576, -0.04824778439411441, -0.07597467539291662, -0.215, 0.11660845740467325, -0.2391960039348995, -0.12807941330672865, -0.2198842366225581, -0.12303743200364409, 0, 237.27055840690855, 323.86448328032793, 0, 186.88708811518703, 314.70620220664705
12.08, -0.07067018936183042, 0.028014593535977194, -0.2566353030561449, -0.04824778439411441, -0.07597467539291662, -0.215, 0.11423673120970805, -0.25924959320623725, -0.11980572580657917, -0.25216093665512435, -0.10523769221956791, 0, 233.8653795623563, 310.86058769752447, 0, 183.6211408111642, 301.97611349824865
12.14, -0.0733992436434532, 0.025635265895466885, -0.25625545473708966, -0.03834548623100371, -0.08142250110201665, -0.215, 0.11996726190416444, -0.2945297156716336, -0.1103679548611813, -0.2474917454619404, -0.09629925878298891, 0, 230.4324495503455, 297.81182763934316, 0, 180.32252831854845, 289.2019237543036
12.22, -0.0723074508457213, 0.02262411076201113, -0.2570192000392899, -0.03834548623100371, -0.08142250110201665, -0.215, 0.11723790194649866, -0.29831592197291307, -0.09866135135892405, -0.2555423429510429, -0.09436596819907564, 0, 226.97448390858722, 284.7193159403589, 0, 177.01577819691715, 276.4041385696156
12.29, -0.0678708552343263, 0.02157438935752714, -0.2584600989863659, -0.027838492466207992, -0.08558632097016954, -0.215, 0.12237151674568499, -0.23410911011222074, -0.09279688987718636, -0.3138491868864009, -0.07171146665188359, 0, 223.4916482337061, 271.5823344215882, 0, 173.70675084247839, 263.5866790445614
12.35, -0.06470931188299336, 0.02163060570715356, -0.25934213701175096, -0.027838492466207992, -0.08558632097016954, -0.215, 0.12174215295190309, -0.2638079149245883, -0.07290124736708782, -0.254704019797137, -0.10198474262240437, 0, 219.96748508909917, 258.38472950290924, 0, 170.3725503338713, 250.726253238771
12.41, -0.06433590118900036, 0.021476154699379205, -0.2594622015092153, -0.016892494907055827, -0.08840047293886551, -0.215, 0.1276739498246733, -0.25212113810445247, -0.07367892954132638, -0.24644451779958026, -0.09888504794575455, 0, 216.39596714040542, 245.1204723572848, 0, 167.0102459926704, 237.81821204390147
12.48, -0.06620994173619348, 0.019177167756878225, -0.25906054284838287, -0.016892494907055827, -0.08840047293886551, -0.215, 0.12627941548606225, -0.25376216970320314, -0.07384587622595883, -0.2470215306087999, -0.0934314440945927, 0, 212.77331523351478, 231.78612420031692, 0, 163.62633941978345, 224.86654473043262
12.55, -0.06697976055581638, 0.015199749717630523, -0.2590998996155925, -0.0056801083051296565, -0.08982057876479085, -0.215, 0.1293511418840829, -0.2610521626087493, -0.06800726487861715, -0.23790824103841599, -0.06310371158530223, 0, 209.0880924784331, 218.3718929561279, 0, 160.21138858354908, 211.86056302050847
12.61, -0.06497327364470255, 0.01161865610532668, -0.2599358357618555, -0.0056801083051296565, -0.08982057876479085, -0.215, 0.12579676928537256, -0.2257133389191848, -0.0701557697542821, -0.25745710716652637, -0.012774410833820658, 0, 205.33271867588397, 204.8719977538816, 0, 156.7676229039267, 198.7994111870327
12.68, -0.06038965322871461, 0.009254238948994653, -0.2611439689611899, 0.005621851721123797, -0.08982424385000798, -0.215, 0.1276844955779129, -0.25322038928216134, -0.04865027955902723, -0.20509780944704203, -0.0075089816489254235, 0, 201.49061921904388, 191.27464420708299, 0, 153.28023530099784, 185.66834592614904
12.75, -0.05447599780942627, 0.004221406409761657, -0.26271622288727237, 0.005621851721123797, -0.08982424385000798, -0.215, 0.12138028578647934, -0.2297348987428247, -0.03655245684299264, -0.19846223437094862, -0.0048095354149595305, 0, 197.5480087550256, 177.57080062495612, 0, 149.74367291666562, 172.458753973672
12.82, -0.05064448279394607, -0.002530320399523758, -0.26365245319413033, 0.01683515701006062, -0.08841141039733845, -0.215, 0.11956640250964429, -0.22391148303551692, -0.012120486687470986, -0.17403649540922964, 0.0027944277808967834, 0, 193.47990159743165, 163.7464449105338, 0, 146.13242747793072, 159.1492885776722
12.88, -0.05042592075735478, -0.006385008248540092, -0.26356266126177486, 0.01683515701006062, -0.08841141039733845, -0.215, 0.11666497032415764, -0.19452617076389783, 0.010824774459442717, -0.18193070389298777, 0.015697266683954516, 0, 189.2718451817043, 149.79680045871694, 0, 142.44105813710678, 145.73291572484447
12.95, -0.05101512188317033, -0.008500851148217746, -0.26323692232923224, 0.027782977455844435, -0.08560435832180532, -0.215, 0.12033657778790743, -0.18842371036520245, 0.036228285356965755, -0.1891773368933232, 0.01238687957570442, 0, 184.88798073423987, 135.70486119933406, 0, 138.62584421974657, 132.1756996123665
13.01, -0.04973851434037495, -0.009919027876317914, -0.2633287249998443, 0.027782977455844435, -0.08560435832180532, -0.215, 0.11863185320589284, -0.1896801621706239, 0.04066148877510977, -0.18771472620396415, 0.021297226787688434, 0, 180.30627526955212, 121.46809010733159, 0, 134.66423687909935, 118.46274733959424
13.08, -0.0457270211125774, -0.012686887134054371, -0.2638245751053401, 0.038292669560575435, -0.08144735390376154, -0.215, 0.11904263667030096, -0.1813399978675902, 0.04805109248419784, -0.17840785140901197, 0.03144250401785167, 0, 175.4957673110604, 107.08539395448129, 0, 130.5115482881187, 104.57274846423077
13.15, -0.04122310862624895, -0.01764545428804284, -0.2640966031477954, 0.038292669560575435, -0.08144735390376154, -0.215, 0.11315439812876303, -0.1636957279741326, 0.06003751464417085, -0.16621196913684125, 0.044023579644533704, 0, 170.42794393273522, 92.56070782003624, 0, 126.11852969772843, 90.48539377202866
13.21, -0.038535602462851724, -0.022816769895145902, -0.2642266510707554, 0.04819849896499907, -0.07600595172432868, -0.215, 0.11302723826492656, -0.14700575194684887, 0.07631482496544134, -0.1588704833970178, 0.05805596079046656, 0, 165.07494153422994, 77.90742929294298, 0, 121.42338271594883, 76.18899467670316
13.28, -0.03758606448415427, -0.026118619323597447, -0.2639008753104394, 0.04819849896499907, -0.07600595172432868, -0.215, 0.11063016255230759, -0.1379375539217336, 0.09933098268126578, -0.14933449616749134, 0.07746058128686152, 0, 159.4170980598688, 63.148203512261226, 0, 116.36505287819435, 61.68551447821397
13.35, -0.037356782588405205, -0.026430903123621875, -0.2635595829328248, 0.057344254024391125, -0.06936596089139184, -0.215, 0.11475948159376559, -0.13738063477029785, 0.11043513992320066, -0.14438733876559715, 0.081531324336118, 0, 153.44388821275663, 48.31668999203214, 0, 110.88646423978906, 47.00116528651432
13.42, -0.03495456741191149, -0.025539009276816554, -0.2634535680596352, 0.057344254024391125, -0.06936596089139184, -0.215, 0.11308236990825095, -0.13780297681470474, 0.11076574596450897, -0.13560069188753235, 0.07699657222778142, 0, 147.1608842491819, 33.45625920317572, 0, 104.9564992923729, 32.192489857481974
13.48, -0.029127106202933618, -0.023986924424031518, -0.26399835994957827, 0.06558570921439168, -0.06163209185842435, -0.215, 0.11308631797520086, -0.12321666803889764, 0.1048021098997201, -0.1253192333831431, 0.07818404062565024, 0, 140.5879327003377, 18.621779066368525, 0, 98.57855581027621, 17.355060116444278
13.55, -0.02280903386835405, -0.02447762450258366, -0.26406770880546254, 0.06558570921439168, -0.06163209185842435, -0.215, 0.10771130440477694, -0.09656612886525515, 0.10024831423135527, -0.12348496140448853, 0.08699098043777215, 0, 133.76388944361128, 3.864815191345862, 0, 91.8106178298047, 2.5949594969315335
13.62, -0.02003310804300175, -0.030372846331034556, -0.26280580962152716, 0.07279289951969611, -0.052926305175360816, -0.215, 0.1068209793038917, -0.07626756728920497, 0.10633009643721679, -0.11016056697582609, 0.08465460203708827, 10.517571437485856, 137.1758618298251, 0, 11.956041657876675, 96.6977158397863, 0
13.68, -0.02007742747253214, -0.03629860944032612, -0.26191547705761303, 0.07279289951969611, -0.052926305175360816, -0.215, 0.10536811609136658, -0.06793361257262992, 0.13012285939596432, -0.07865743313687108, 0.11673308595942644, 24.62952883752039, 144.01448569327763, 0, 26.262023837575207, 103.78293185686334, 0
13.74, -0.019810942507144286, -0.038152533693343024, -0.26158803971322514, 0.07885216993924712, -0.04338588821116943, -0.215, 0.10923480764591281, -0.06714808062877746, 0.15660442364404215, -0.0786796979130043, 0.12105698601561406, 25.112010717161773, 132.95979870407388, 0, 26.32344316239616, 92.90813724602631, 0
13.82, -0.01967701531170805, -0.03205920372549438, -0.2624108556516285, 0.07885216993924712, -0.04338588821116943, -0.215, 0.10992762783429211, -0.06780003630437785, 0.15474985453833004, -0.07475863914938241, 0.11776618350491354, 37.738342534165874, 139.52617433698563, 0, 44.841542903329696, 100.09660490327286, 0
13.88, -0.019825972869545055, -0.027326608038127143, -0.26287140272759807, 0.08366796778791144, -0.03316129017757021, -0.215, 0.11417841506863434, -0.06738286543625233, 0.12760141734083358, -0.0755404781603993, 0.11099411963049811, 39.9374630357712, 128.87563165239825, 0, 61.425296114643366, 105.7602357389478, 0
13.95, -0.019779675388399007, -0.027994278892460037, -0.2628620189654518, 0.08366796778791144, -0.03316129017757021, -0.215, 0.11410033191802281, -0.06867007072530389, 0.11034245444152947, -0.08086130096493033, 0.10464001361641617, 41.94616871381111, 118.02721169342806, 0, 62.05400671285368, 94.10072547266408, 0
14.02, -0.01888439776389316, -0.03401990275794824, -0.26232090998361224, 0.08716434953063637, -0.022413749594859186, -0.215, 0.1167060757444153, -0.07253501251735774, 0.11992237305658672, -0.05762171564694054, 0.11021453147113465, 43.64168811946356, 106.87094985055941, 0, 61.7128377644644, 81.80000627861392, 0
14.07, -0.01733523841497108, -0.037091969661791464, -0.2618811199536747, 0.08716434953063637, -0.022413749594859186, -0.215, 0.11547057388463035, -0.07169889001313007, 0.14306417239558916, -0.04611850599635849, 0.12244054337022398, 45.01502008888229, 95.44173292405368, 0, 38.32707936842922, 75.62158733755076, 0
14.14, -0.014242444323912671, -0.03331383634694325, -0.2622219008286646, 0.08928617838681366, -0.011312751613912882, -0.215, 0.11589707229987363, -0.0596333570190647, 0.1465082464596049, -0.04586767943438846, 0.13268409860518096, 45.95935178255522, 83.70463089459162, 0, 41.71702166716728, 66.41968751577608, 0
14.21, -0.011929526292196986, -0.022931340064740815, -0.26316049942137754, 0.08928617838681366, -0.011312751613912882, -0.215, 0.11269003583181131, -0.046098540456965986, 0.1213871140826121, -0.048307804872341265, 0.10851420010399548, 46.337445816908044, 71.65298027783705, 0, 45.120111026162185, 57.2442457719445, 0
14.28, -0.011499266554044586, -0.016388616397105874, -0.2633048857357044, 0.08999999381902493, -3.3355291563992915e-05, -0.215, 0.11359118103114373, -0.03697316728456066, 0.08670645251969793, -0.05823544965330218, 0.08483589823832488, 45.955357172823156, 59.316128240198665, 0, 48.510500289122035, 48.04378419261672, 0
14.35, -0.00928512865460455, -0.018185688999752214, -0.2634614163959477, 0.08999999381902493, -3.3355291563992915e-05, -0.215, 0.11196227776692677, -0.031009958286026547, 0.07110912941882855, -0.03951830209349449, 0.0570243761023722, 29.930627081891295, 52.79299911414237, 0, 51.897531949671915, 38.83742952241499, 0
14.42, -0.003314885750401261, -0.02301318453398672, -0.26306016562884316, 0.03, 0.03, -0.23, 0.07080433530796938, -0.018544790111577104, 0.07750538529462576, -0.054192439873093946, 0.069863844921238, 33.31310476841796, 43.56855481700682, 0, 55.28264650248797, 29.62839812612924, 0
14.48, 0.0018234059182651685, -0.024114645551415674, -0.2628316509315275, 0.03, 0.03, -0.23, 0.06928371107332428, 0.006801578337004959, 0.10128265712402808, -0.03581272288301333, 0.08767277625958418, 36.69526579528261, 34.34393882596398, 0, 58.666962947519124, 20.41868105317053, 0
14.55, 0.00282929597260551, -0.01910197966873368, -0.26297148716551333, 0.03, 0.03, -0.23, 0.0650874068513919, 0.026782414679260923, 0.08802093545556616, -0.020337151315772427, 0.10002659627585671, 40.07864377261399, 25.12158524621157, 0, 62.05370233342576, 11.213615772331336, 0
14.61, 0.0002856767606626747, -0.012647296121524277, -0.2628539053461016, 0.03, 0.03, -0.23, 0.06149074701562345, 0.02328964126542968, 0.06944325132151681, -0.005772874848764987, 0.07426524448264779, 43.46433366066675, 15.903171876125228, 0, 65.44509319488206, 2.016611913362972, 0
14.68, -0.002073050058890094, -0.008708620660546045, -0.26262444586374706, 0.03, 0.03, -0.23, 0.05992822641659508, 0.004462592156042019, 0.04756741455872795, 0.017285480367199766, 0.03331196580507232, 46.84855933195666, 6.681952156418676, 0, 80.31358318767761, 0, 19.022955582539353
14.74, 0.0015809128291737313, -0.007214887507868988, -0.26255272531733714, 0.03, 0.03, -0.23, 0.057028697104461075, 0.006526668629511005, 0.02717877022771877, 0.011615132988006193, 0.04205349808297541, 56.34598621629289, 0, 11.555454214737324, 91.87412072369078, 0, 27.570155464448206
14.81, 0.008433714986506665, -0.008658505947979688, -0.262213034425762, 0.03, 0.03, -0.23, 0.054747276811988876, 0.020606399406234648, 0.026038614442956385, 0.02226772273715969, 0.045567205683749126, 67.85135851657412, 0, 20.119491382212424, 103.66949222272682, 0, 36.1609834539794
14.88, 0.010603570410196078, -0.010749451740465987, -0.2619581553594908, 0.03, 0.03, -0.23, 0.05529975580382012, 0.04560584400925683, 0.03299560240576021, 0.05224995099329887, 0.02379861882203445, 79.67628565197657, 0, 28.72654848750031, 115.6339641481442, 0, 44.78897883008558
14.95, 0.007465868996299986, -0.011387361370263948, -0.26227722589186603, 0.03, 0.03, -0.23, 0.05711847382904481, 0.04455915204552666, 0.04604857467059436, 0.062665601462452, 0.02300215333461076, 91.72375291201101, 0, 37.40326823209783, 127.73610406422108, 0, 53.47385150084753
15.01, 0.006507919628451224, -0.009694943238998322, -0.26282125090654107, 0.03, 0.03, -0.23, 0.05661096068784496, 0.032711498452552806, 0.04117806152277924, 0.059904784709602275, 0.050425366105719106, 103.92317165591518, 0, 46.14221958340612, 139.9416633476592, 0, 62.20650077618873
15.08, 0.011674432576338798, -0.006174524034827026, -0.26266862469626934, 0.03, 0.03, -0.23, 0.0520736176013452, 0.03541098546146141, 0.03112108236670122, 0.06080893219218575, 0.03718456602260163, 116.22257534429, 0, 54.922318347263946, 152.2145037141374, 0, 70.95932151734311
15.15, 0.020027345478647412, -0.004683829520123717, -0.2623853831617797, 0.03, 0.03, -0.23, 0.048489534034867166, 0.06303384796130612, 0.026069860032796065, 0.0794043683527105, 0.011297063712985618, 128.59779344988164, 0, 63.745871937461246, 164.5489396895245, 0, 79.75044149913742
15.22, 0.02367368650066275, -0.0031193927322011386, -0.26210933569809297, 0.03, 0.03, -0.23, 0.04656099071556039, 0.08932210728030938, 0.019132250160962344, 0.09862180833405493, 0.01109208122351126, 141.0263974243195, 0, 72.59902940485787, 176.92715009756876, 0, 88.56318798701972
15.28, 0.022104414862678504, -0.0008016092259430873, -0.2625549619642042, 0.03, 0.03, -0.23, 0.04550719661832813, 0.09743445549446932, 0.01459799340657201, 0.10986510700203647, 0.001721277459948832, 153.4976458465835, 0, 81.47831104060876, 189.34514493920975, 0, 97.39910625730545
