angle, angle_measured, r
0,357.15562608225474,0.12786249746784553,461.88,923.76,0,461.88,923.76,0
1,357.19041251512635,0.12756018881470024,475.772,923.62,0,475.772,923.62,0
2,357.19041251512635,0.12756018881470024,489.518,923.198,0,489.518,923.198,0
3,357.23710515569576,0.12739626828678088,503.116,922.494,0,503.116,922.494,0
4,357.23710515569576,0.12739626828678088,516.56,921.51,0,516.56,921.51,0
5,357.23710515569576,0.12739626828678088,529.847,920.245,0,529.847,920.245,0
6,357.2811407770339,0.12721040299490774,542.973,918.7,0,542.973,918.7,0
7,357.2840483582379,0.12706800311866648,555.933,916.875,0,555.933,916.875,0
8,357.2840483582379,0.12706800311866648,568.724,914.77,0,568.724,914.77,0
9,357.2840483582379,0.12706800311866648,581.341,912.387,0,581.341,912.387,0
10,357.30985793088286,0.12681705678522381,593.782,909.726,0,593.782,909.726,0
11,357.30985793088286,0.12681705678522381,606.041,906.788,0,606.041,906.788,0
12,357.28635478087443,0.1266154394191282,618.116,903.574,0,618.116,903.574,0
13,357.28635478087443,0.1266154394191282,630.003,900.085,0,630.003,900.085,0
14,357.2726539343565,0.1264463294480092,641.698,896.321,0,641.698,896.321,0
15,357.2726539343565,0.1264463294480092,653.197,892.284,0,653.197,892.284,0
16,357.2726539343565,0.1264463294480092,664.498,887.976,0,664.498,887.976,0
17,357.2479855853567,0.12641509453660768,675.596,883.397,0,675.596,883.397,0
18,357.2775961851497,0.12701982616547716,686.488,878.548,0,686.488,878.548,0
19,357.2775961851497,0.12701982616547716,697.171,873.433,0,697.171,873.433,0
20,357.2775961851497,0.12701982616547716,707.642,868.051,0,707.642,868.051,0
21,357.33028821510345,0.12791915086050834,717.897,862.405,0,717.897,862.405,0
22,357.33028821510345,0.12791915086050834,727.933,856.496,0,727.933,856.496,0
23,357.5008663815424,0.12889572001221075,737.748,850.326,0,737.748,850.326,0
24,357.5008663815424,0.12889572001221075,747.338,843.897,0,747.338,843.897,0
25,357.57962673762165,0.13027358076918863,756.7,837.211,0,756.7,837.211,0
26,357.57962673762165,0.13027358076918863,765.832,830.27,0,765.832,830.27,0
27,357.6726529622631,0.1319627278024008,774.731,823.077,0,774.731,823.077,0
28,357.6726529622631,0.1319627278024008,783.393,815.632,0,783.393,815.632,0
29,357.75978507046204,0.13339029468340957,791.817,807.939,0,791.817,807.939,0
30,357.75978507046204,0.13339029468340957,800,800,0,800,800,0
31,357.75978507046204,0.13339029468340957,807.939,791.817,0,807.939,791.817,0
32,357.82337987426706,0.134903379283572,815.632,783.393,0,815.632,783.393,0
33,357.82337987426706,0.134903379283572,823.077,774.731,0,823.077,774.731,0
34,358.041458008082,0.1365586955639441,830.27,765.832,0,830.27,765.832,0
35,358.041458008082,0.1365586955639441,837.211,756.7,0,837.211,756.7,0
36,358.4463797467656,0.1381742563311015,843.897,747.338,0,843.897,747.338,0
37,358.4463797467656,0.1381742563311015,850.326,737.748,0,850.326,737.748,0
38,359.120157543445,0.13989074865661438,856.496,727.933,0,856.496,727.933,0
39,359.120157543445,0.13989074865661438,862.405,717.897,0,862.405,717.897,0
40,0.0672802967931716,0.14179821012303698,868.051,707.642,0,868.051,707.642,0
41,0.0672802967931716,0.14179821012303698,873.433,697.171,0,873.433,697.171,0
42,0.0672802967931716,0.14179821012303698,878.548,686.488,0,878.548,686.488,0
43,1.3512331053811693,0.1436265770154211,883.396,675.596,0,883.396,675.596,0
44,1.3512331053811693,0.1436265770154211,887.975,664.498,0,887.975,664.498,0
45,2.864291328354568,0.14549298482952075,892.284,653.197,0,892.284,653.197,0
46,2.864291328354568,0.14549298482952075,896.321,641.698,0,896.321,641.698,0
47,4.56080724709112,0.14766540840564707,900.084,630.003,0,900.084,630.003,0
48,4.56080724709112,0.14766540840564707,903.574,618.116,0,903.574,618.116,0
49,6.478286333580158,0.14975302150628647,906.788,606.041,0,906.788,606.041,0
50,6.478286333580158,0.14975302150628647,909.726,593.782,0,909.726,593.782,0
51,8.619513544566544,0.15163512746603136,912.387,581.341,0,912.387,581.341,0
52,8.619513544566544,0.15163512746603136,914.77,568.724,0,914.77,568.724,0
53,8.619513544566544,0.15163512746603136,916.875,555.933,0,916.875,555.933,0
54,11.790354078624077,0.15230704436067785,918.7,542.973,0,918.7,542.973,0
55,11.790354078624077,0.15230704436067785,920.245,529.847,0,920.245,529.847,0
56,13.843353286998266,0.15491386908521332,921.51,516.56,0,921.51,516.56,0
57,13.843353286998266,0.15491386908521332,922.494,503.116,0,922.494,503.116,0
58,16.419904502350818,0.1569040683680251,923.198,489.519,0,923.198,489.519,0
59,16.419904502350818,0.1569040683680251,923.62,475.772,0,923.62,475.772,0
60,19.281500048347027,0.15829250890375723,923.76,461.88,0,923.76,461.88,0
61,19.281500048347027,0.15829250890375723,923.62,447.848,0,923.62,447.848,0
62,21.95089303231974,0.16005253349333637,923.198,433.679,0,923.198,433.679,0
63,21.95089303231974,0.16005253349333637,922.494,419.379,0,922.494,419.379,0
64,21.95089303231974,0.16005253349333637,921.51,404.95,0,921.51,404.95,0
65,25.246312074652806,0.16118938095947655,920.245,390.398,0,920.245,390.398,0
66,25.246312074652806,0.16118938095947655,918.7,375.727,0,918.7,375.727,0
67,28.654909197567655,0.1626071396510703,916.875,360.942,0,916.875,360.942,0
68,28.654909197567655,0.1626071396510703,914.77,346.047,0,914.77,346.047,0
69,32.284036342736364,0.16327700668715495,912.387,331.046,0,912.387,331.046,0
70,32.284036342736364,0.16327700668715495,909.726,315.945,0,909.726,315.945,0
71,32.284036342736364,0.16327700668715495,906.788,300.747,0,906.788,300.747,0
72,35.90879664048095,0.1643408163956963,903.574,285.458,0,903.574,285.458,0
73,35.90879664048095,0.1643408163956963,900.085,270.082,0,900.085,270.082,0
74,39.77862571155086,0.16419103322365416,896.321,254.623,0,896.321,254.623,0
75,39.77862571155086,0.16419103322365416,892.284,239.087,0,892.284,239.087,0
76,43.5039431146841,0.16422494811567903,887.976,223.478,0,887.976,223.478,0
77,43.5039431146841,0.16422494811567903,883.397,207.801,0,883.397,207.801,0
78,47.06929534465638,0.16454774914996215,878.548,192.061,0,878.548,192.061,0
79,47.06929534465638,0.16454774914996215,873.433,176.262,0,873.433,176.262,0
80,47.06929534465638,0.16454774914996215,868.051,160.409,0,868.051,160.409,0
81,47.06929534465638,0.16454774914996215,862.405,144.508,0,862.405,144.508,0
82,50.81319742730537,0.16441292997743542,856.496,128.563,0,856.496,128.563,0
83,50.81319742730537,0.16441292997743542,850.326,112.578,0,850.326,112.578,0
84,57.9425218335657,0.16366583876259228,843.897,96.5595,0,843.897,96.5595,0
85,57.9425218335657,0.16366583876259228,837.211,80.5112,0,837.211,80.5112,0
86,57.9425218335657,0.16366583876259228,830.27,64.4385,0,830.27,64.4385,0
87,61.42638404320158,0.16284831072050976,823.077,48.3461,0,823.077,48.3461,0
88,61.42638404320158,0.16284831072050976,815.632,32.239,0,815.632,32.239,0
89,64.86698374350162,0.16160519514553637,807.939,16.122,0,807.939,16.122,0
90,64.86698374350162,0.16160519514553637,800,0.000209504,0,800,0.000209504,0
91,68.21546333375765,0.16005543603913575,807.939,0,16.1216,807.939,0,16.1216
92,68.21546333375765,0.16005543603913575,815.632,0,32.2386,815.632,0,32.2386
93,71.32993483734474,0.15765559152110575,823.076,0,48.3457,823.076,0,48.3457
94,71.32993483734474,0.15765559152110575,830.27,0,64.4381,830.27,0,64.4381
95,71.32993483734474,0.15765559152110575,837.211,0,80.5108,837.211,0,80.5108
96,71.32993483734474,0.15765559152110575,843.897,0,96.559,843.897,0,96.559
97,74.39549885796512,0.15507976031339804,850.326,0,112.578,850.326,0,112.578
98,74.39549885796512,0.15507976031339804,856.496,0,128.562,856.496,0,128.562
99,74.39549885796512,0.15507976031339804,862.405,0,144.508,862.405,0,144.508
100,80.23638524483938,0.14929933940959683,868.051,0,160.409,868.051,0,160.409
101,80.23638524483938,0.14929933940959683,873.433,0,176.262,873.433,0,176.262
102,83.03459972272948,0.14607485167669595,878.548,0,192.06,878.548,0,192.06
103,83.03459972272948,0.14607485167669595,883.396,0,207.801,883.396,0,207.801
104,85.74341502632072,0.1426344847276884,887.975,0,223.478,887.975,0,223.478
105,85.74341502632072,0.1426344847276884,892.284,0,239.087,892.284,0,239.087
106,88.40990076684508,0.13909809656422686,896.321,0,254.623,896.321,0,254.623
107,88.40990076684508,0.13909809656422686,900.084,0,270.081,900.084,0,270.081
108,91.13951652343434,0.13571148987643544,903.574,0,285.457,903.574,0,285.457
109,91.13951652343434,0.13571148987643544,906.788,0,300.747,906.788,0,300.747
110,91.13951652343434,0.13571148987643544,909.726,0,315.944,909.726,0,315.944
111,93.68606051399775,0.1325276527413876,912.387,0,331.046,912.387,0,331.046
112,93.68606051399775,0.1325276527413876,914.77,0,346.047,914.77,0,346.047
113,96.09414970469277,0.12964249754598506,916.875,0,360.942,916.875,0,360.942
114,96.09414970469277,0.12964249754598506,918.7,0,375.727,918.7,0,375.727
115,98.29814551077408,0.12725332916135115,920.245,0,390.398,920.245,0,390.398
116,98.29814551077408,0.12725332916135115,921.51,0,404.95,921.51,0,404.95
117,100.32638292656233,0.12526029860947346,922.494,0,419.378,922.494,0,419.378
118,100.32638292656233,0.12526029860947346,923.198,0,433.679,923.198,0,433.679
119,100.32638292656233,0.12526029860947346,923.62,0,447.848,923.62,0,447.848
120,102.10098586208983,0.12379494272875333,923.76,0,461.88,923.76,0,461.88
121,102.10098586208983,0.12379494272875333,923.62,0,475.772,923.62,0,475.772
122,102.10098586208983,0.12379494272875333,923.198,0,489.518,923.198,0,489.518
123,103.6709337826365,0.12316077411288677,922.494,0,503.116,922.494,0,503.116
124,103.6709337826365,0.12316077411288677,921.51,0,516.56,921.51,0,516.56
125,103.6709337826365,0.12316077411288677,920.245,0,529.847,920.245,0,529.847
126,106.14694108203494,0.12261843652581401,918.7,0,542.973,918.7,0,542.973
127,106.14694108203494,0.12261843652581401,916.875,0,555.933,916.875,0,555.933
128,107.23378382071847,0.12305423163373247,914.77,0,568.723,914.77,0,568.723
129,107.23378382071847,0.12305423163373247,912.387,0,581.341,912.387,0,581.341
130,107.23378382071847,0.12305423163373247,909.726,0,593.782,909.726,0,593.782
131,108.26155422940474,0.12391789922004685,906.788,0,606.041,906.788,0,606.041
132,108.26155422940474,0.12391789922004685,903.574,0,618.116,903.574,0,618.116
133,109.22415943579928,0.12500943711335127,900.085,0,630.003,900.085,0,630.003
134,109.22415943579928,0.12500943711335127,896.321,0,641.698,896.321,0,641.698
135,110.14534651911558,0.12660473577148218,892.284,0,653.197,892.284,0,653.197
136,110.14534651911558,0.12660473577148218,887.976,0,664.497,887.976,0,664.497
137,111.00348350570962,0.1284449050033627,883.397,0,675.595,883.397,0,675.595
138,111.00348350570962,0.1284449050033627,878.548,0,686.488,878.548,0,686.488
139,111.77900256918039,0.1304923841920174,873.433,0,697.171,873.433,0,697.171
140,111.77900256918039,0.1304923841920174,868.051,0,707.641,868.051,0,707.641
141,111.77900256918039,0.1304923841920174,862.405,0,717.896,862.405,0,717.896
142,112.79003232064423,0.13269709447033426,856.496,0,727.933,856.496,0,727.933
143,112.79003232064423,0.13269709447033426,850.326,0,737.748,850.326,0,737.748
144,113.72936948515652,0.1348783177152913,843.897,0,747.338,843.897,0,747.338
145,113.72936948515652,0.1348783177152913,837.211,0,756.7,837.211,0,756.7
146,114.86682976965004,0.1371744381132955,830.271,0,765.832,830.271,0,765.832
147,114.86682976965004,0.1371744381132955,823.077,0,774.73,823.077,0,774.73
148,116.15615132235763,0.13933842010084377,815.632,0,783.393,815.632,0,783.393
149,116.15615132235763,0.13933842010084377,807.939,0,791.817,807.939,0,791.817
150,117.62411652726922,0.1415630815467993,800,0,800,800,0,800
151,117.62411652726922,0.1415630815467993,791.817,0,807.939,791.817,0,807.939
152,117.62411652726922,0.1415630815467993,783.393,0,815.632,783.393,0,815.632
153,119.3409091270299,0.14364735799143438,774.731,0,823.076,774.731,0,823.076
154,119.3409091270299,0.14364735799143438,765.832,0,830.27,765.832,0,830.27
155,121.12992189220627,0.14571657687109793,756.7,0,837.211,756.7,0,837.211
156,121.12992189220627,0.14571657687109793,747.338,0,843.897,747.338,0,843.897
157,123.22847907635685,0.14771733823109046,737.748,0,850.326,737.748,0,850.326
158,123.22847907635685,0.14771733823109046,727.933,0,856.496,727.933,0,856.496
159,125.33564375969439,0.14961129033741902,717.897,0,862.405,717.897,0,862.405
160,125.33564375969439,0.14961129033741902,707.642,0,868.051,707.642,0,868.051
161,127.66315586307624,0.15152648668606344,697.171,0,873.433,697.171,0,873.433
162,127.66315586307624,0.15152648668606344,686.488,0,878.548,686.488,0,878.548
163,127.66315586307624,0.15152648668606344,675.596,0,883.396,675.596,0,883.396
164,130.00684793761184,0.15333736543906823,664.498,0,887.975,664.498,0,887.975
165,130.00684793761184,0.15333736543906823,653.198,0,892.284,653.198,0,892.284
166,130.00684793761184,0.15333736543906823,641.698,0,896.321,641.698,0,896.321
167,132.50342804397192,0.15510350449033683,630.003,0,900.084,630.003,0,900.084
168,132.50342804397192,0.15510350449033683,618.117,0,903.574,618.117,0,903.574
169,132.50342804397192,0.15510350449033683,606.042,0,906.788,606.042,0,906.788
170,137.69411605125714,0.158466077687231,593.782,0,909.726,593.782,0,909.726
171,137.69411605125714,0.158466077687231,581.342,0,912.387,581.342,0,912.387
172,137.69411605125714,0.158466077687231,568.724,0,914.77,568.724,0,914.77
173,137.69411605125714,0.158466077687231,555.933,0,916.875,555.933,0,916.875
174,140.48545694304653,0.16014621766435697,542.973,0,918.7,542.973,0,918.7
175,140.48545694304653,0.16014621766435697,529.848,0,920.245,529.848,0,920.245
176,140.48545694304653,0.16014621766435697,516.561,0,921.51,516.561,0,921.51
177,146.22909042411257,0.1634953330179128,503.116,0,922.494,503.116,0,922.494
178,146.22909042411257,0.1634953330179128,489.519,0,923.198,489.519,0,923.198
179,149.06578705407935,0.1649442337614784,475.772,0,923.62,475.772,0,923.62
180,149.06578705407935,0.1649442337614784,461.881,0,923.76,461.881,0,923.76
181,152.12108230994218,0.16614888704328573,447.848,0,923.62,447.848,0,923.62
182,152.12108230994218,0.16614888704328573,433.68,0,923.198,433.68,0,923.198
183,155.01162400737024,0.16744702087296837,419.379,0,922.494,419.379,0,922.494
184,155.01162400737024,0.16744702087296837,404.95,0,921.51,404.95,0,921.51
185,155.01162400737024,0.16744702087296837,390.398,0,920.245,390.398,0,920.245
186,158.07565288629507,0.16839645807601997,375.728,0,918.7,375.728,0,918.7
187,158.07565288629507,0.16839645807601997,360.942,0,916.875,360.942,0,916.875
188,161.07410075555345,0.1687989485101539,346.047,0,914.771,346.047,0,914.771
189,161.07410075555345,0.1687989485101539,331.047,0,912.387,331.047,0,912.387
190,164.1678409791897,0.16939557577402212,315.945,0,909.727,315.945,0,909.727
191,164.1678409791897,0.16939557577402212,300.747,0,906.788,300.747,0,906.788
192,167.09839828510414,0.16986827891015757,285.458,0,903.574,285.458,0,903.574
193,167.09839828510414,0.16986827891015757,270.082,0,900.085,270.082,0,900.085
194,170.10354039864234,0.17025113500213604,254.623,0,896.321,254.623,0,896.321
195,170.10354039864234,0.17025113500213604,239.087,0,892.284,239.087,0,892.284
196,170.10354039864234,0.17025113500213604,223.478,0,887.976,223.478,0,887.976
197,172.84382721942325,0.17022145060948712,207.801,0,883.397,207.801,0,883.397
198,172.84382721942325,0.17022145060948712,192.061,0,878.549,192.061,0,878.549
199,175.581840099256,0.17024209197744292,176.262,0,873.433,176.262,0,873.433
200,175.581840099256,0.17024209197744292,160.41,0,868.051,160.41,0,868.051
201,175.581840099256,0.17024209197744292,144.508,0,862.405,144.508,0,862.405
202,178.03179633922875,0.1699255032068377,128.563,0,856.496,128.563,0,856.496
203,180.41696083479877,0.1694759151087887,112.579,0,850.326,112.579,0,850.326
204,180.41696083479877,0.1694759151087887,96.5597,0,843.897,96.5597,0,843.897
205,182.54177740976633,0.1685878531232306,80.5115,0,837.211,80.5115,0,837.211
206,182.54177740976633,0.1685878531232306,64.4387,0,830.271,64.4387,0,830.271
207,182.54177740976633,0.1685878531232306,48.3464,0,823.077,48.3464,0,823.077
208,184.66492410459676,0.16730211746584553,32.2393,0,815.632,32.2393,0,815.632
209,184.66492410459676,0.16730211746584553,16.1223,0,807.939,16.1223,0,807.939
210,186.6179274685682,0.16569578026545662,0.000488843,0,800,0.000488843,0,800
211,186.6179274685682,0.16569578026545662,0,16.1214,807.939,0,16.1214,807.939
212,188.53467096780878,0.16357482513160454,0,32.2383,815.632,0,32.2383,815.632
213,188.53467096780878,0.16357482513160454,0,48.3454,823.076,0,48.3454,823.076
214,190.32480505383282,0.1612003372082919,0,64.4378,830.27,0,64.4378,830.27
215,190.32480505383282,0.1612003372082919,0,80.5105,837.211,0,80.5105,837.211
216,190.32480505383282,0.1612003372082919,0,96.5588,843.897,0,96.5588,843.897
217,191.886285687698,0.15836963455047628,0,112.578,850.326,0,112.578,850.326
218,191.886285687698,0.15836963455047628,0,128.562,856.496,0,128.562,856.496
219,193.39299619649194,0.15538705157382093,0,144.507,862.404,0,144.507,862.404
220,193.39299619649194,0.15538705157382093,0,160.409,868.051,0,160.409,868.051
221,194.70853618857785,0.15212612977595133,0,176.261,873.432,0,176.261,873.432
222,194.70853618857785,0.15212612977595133,0,192.06,878.548,0,192.06,878.548
223,196.00935505512268,0.14896728500282508,0,207.8,883.396,0,207.8,883.396
224,196.00935505512268,0.14896728500282508,0,223.477,887.975,0,223.477,887.975
225,197.23637815713283,0.14572537854974557,0,239.086,892.284,0,239.086,892.284
226,197.23637815713283,0.14572537854974557,0,254.622,896.321,0,254.622,896.321
227,198.42859112110472,0.14270495693359264,0,270.081,900.084,0,270.081,900.084
228,198.42859112110472,0.14270495693359264,0,285.457,903.574,0,285.457,903.574
229,198.42859112110472,0.14270495693359264,0,300.746,906.788,0,300.746,906.788
230,199.65375638513464,0.13986893241697623,0,315.944,909.726,0,315.944,909.726
231,199.65375638513464,0.13986893241697623,0,331.046,912.387,0,331.046,912.387
232,200.90512223703433,0.13754878829202763,0,346.046,914.77,0,346.046,914.77
233,200.90512223703433,0.13754878829202763,0,360.941,916.875,0,360.941,916.875
234,202.08488499035005,0.13546401451593507,0,375.727,918.7,0,375.727,918.7
235,202.08488499035005,0.13546401451593507,0,390.398,920.245,0,390.398,920.245
236,203.30061039011335,0.13403396489195135,0,404.949,921.51,0,404.949,921.51
237,203.30061039011335,0.13403396489195135,0,419.378,922.494,0,419.378,922.494
238,204.51616481825184,0.13313506211438403,0,433.679,923.198,0,433.679,923.198
239,204.51616481825184,0.13313506211438403,0,447.847,923.62,0,447.847,923.62
240,204.51616481825184,0.13313506211438403,0,461.88,923.76,0,461.88,923.76
241,205.68903068150757,0.13271074091451443,0,475.771,923.62,0,475.771,923.62
242,205.68903068150757,0.13271074091451443,0,489.518,923.198,0,489.518,923.198
243,206.809089253431,0.13314791410590765,0,503.116,922.494,0,503.116,922.494
244,206.809089253431,0.13314791410590765,0,516.56,921.51,0,516.56,921.51
245,208.0735049916316,0.13374734530036736,0,529.847,920.245,0,529.847,920.245
246,208.0735049916316,0.13374734530036736,0,542.972,918.7,0,542.972,918.7
247,209.33167906615097,0.1348917309088897,0,555.932,916.875,0,555.932,916.875
248,209.33167906615097,0.1348917309088897,0,568.723,914.771,0,568.723,914.771
249,210.72303139044777,0.13654049372396915,0,581.341,912.387,0,581.341,912.387
250,210.72303139044777,0.13654049372396915,0,593.781,909.727,0,593.781,909.727
251,210.72303139044777,0.13654049372396915,0,606.041,906.788,0,606.041,906.788
252,212.21293852558654,0.13850546861301863,0,618.116,903.574,0,618.116,903.574
253,212.21293852558654,0.13850546861301863,0,630.003,900.085,0,630.003,900.085
254,213.7821188083047,0.1406562203292727,0,641.697,896.321,0,641.697,896.321
255,213.7821188083047,0.1406562203292727,0,653.197,892.284,0,653.197,892.284
256,215.45077590253268,0.14295205571644598,0,664.497,887.976,0,664.497,887.976
257,215.45077590253268,0.14295205571644598,0,675.595,883.397,0,675.595,883.397
258,217.2024028876446,0.14510323104364448,0,686.487,878.549,0,686.487,878.549
259,217.2024028876446,0.14510323104364448,0,697.17,873.433,0,697.17,873.433
260,219.04446208128107,0.14731679152786484,0,707.641,868.051,0,707.641,868.051
261,219.04446208128107,0.14731679152786484,0,717.896,862.405,0,717.896,862.405
262,219.04446208128107,0.14731679152786484,0,727.933,856.496,0,727.933,856.496
263,220.97551847622526,0.14954215057236805,0,737.748,850.326,0,737.748,850.326
264,220.97551847622526,0.14954215057236805,0,747.338,843.897,0,747.338,843.897
265,223.08667122285914,0.15160958611564973,0,756.7,837.212,0,756.7,837.212
266,223.08667122285914,0.15160958611564973,0,765.832,830.271,0,765.832,830.271
267,225.31439213334076,0.1535761688333755,0,774.73,823.077,0,774.73,823.077
268,225.31439213334076,0.1535761688333755,0,783.393,815.632,0,783.393,815.632
269,227.6968819613752,0.15533238502292598,0,791.817,807.939,0,791.817,807.939
270,227.6968819613752,0.15533238502292598,0,800,800,0,800,800
271,230.24021881400958,0.15707947483324472,0,807.939,791.818,0,807.939,791.818
272,230.24021881400958,0.15707947483324472,0,815.632,783.394,0,815.632,783.394
273,230.24021881400958,0.15707947483324472,0,823.076,774.731,0,823.076,774.731
274,232.95651372414048,0.15845086245902543,0,830.27,765.832,0,830.27,765.832
275,232.95651372414048,0.15845086245902543,0,837.211,756.701,0,837.211,756.701
276,235.82679831349938,0.1597122013887287,0,843.897,747.338,0,843.897,747.338
277,235.82679831349938,0.1597122013887287,0,850.326,737.748,0,850.326,737.748
278,238.78079940490974,0.1606749163713953,0,856.496,727.934,0,856.496,727.934
279,238.78079940490974,0.1606749163713953,0,862.404,717.897,0,862.404,717.897
280,241.88395342029824,0.16176424339296233,0,868.051,707.642,0,868.051,707.642
281,241.88395342029824,0.16176424339296233,0,873.432,697.171,0,873.432,697.171
282,245.09155143249777,0.16283506228047895,0,878.548,686.488,0,878.548,686.488
283,245.09155143249777,0.16283506228047895,0,883.396,675.596,0,883.396,675.596
284,245.09155143249777,0.16283506228047895,0,887.975,664.498,0,887.975,664.498
285,248.35890801519565,0.1638724228206607,0,892.284,653.198,0,892.284,653.198
286,248.35890801519565,0.1638724228206607,0,896.321,641.698,0,896.321,641.698
287,251.64055557479494,0.16521329017701664,0,900.084,630.004,0,900.084,630.004
288,251.64055557479494,0.16521329017701664,0,903.574,618.117,0,903.574,618.117
289,254.97864684327365,0.16642352968194832,0,906.788,606.042,0,906.788,606.042
290,254.97864684327365,0.16642352968194832,0,909.726,593.782,0,909.726,593.782
291,258.34816332889363,0.16774098965881665,0,912.387,581.342,0,912.387,581.342
292,258.34816332889363,0.16774098965881665,0,914.77,568.724,0,914.77,568.724
293,261.64882584555545,0.16919873672958363,0,916.875,555.933,0,916.875,555.933
294,261.64882584555545,0.16919873672958363,0,918.7,542.973,0,918.7,542.973
295,261.64882584555545,0.16919873672958363,0,920.245,529.848,0,920.245,529.848
296,264.8713218113427,0.17076035864582845,0,921.51,516.561,0,921.51,516.561
297,264.8713218113427,0.17076035864582845,0,922.494,503.117,0,922.494,503.117
298,268.0195990094478,0.1723780588143759,0,923.198,489.519,0,923.198,489.519
299,268.0195990094478,0.1723780588143759,0,923.62,475.772,0,923.62,475.772
300,271.08744475302103,0.1739353485354963,0,923.76,461.881,0,923.76,461.881
301,271.08744475302103,0.1739353485354963,0,923.62,447.849,0,923.62,447.849
302,274.040037235211,0.1753312282840421,0,923.198,433.68,0,923.198,433.68
303,274.040037235211,0.1753312282840421,0,922.494,419.379,0,922.494,419.379
304,276.8975525348465,0.17661966518677352,0,921.51,404.951,0,921.51,404.951
305,276.8975525348465,0.17661966518677352,0,920.245,390.399,0,920.245,390.399
306,276.8975525348465,0.17661966518677352,0,918.7,375.728,0,918.7,375.728
307,279.6596215517567,0.17736855838691143,0,916.875,360.943,0,916.875,360.943
308,279.6596215517567,0.17736855838691143,0,914.771,346.047,0,914.771,346.047
309,282.38520946474796,0.17794459482241484,0,912.388,331.047,0,912.388,331.047
310,282.38520946474796,0.17794459482241484,0,909.727,315.945,0,909.727,315.945
311,285.04205709104656,0.17826291392446497,0,906.788,300.748,0,906.788,300.748
312,285.04205709104656,0.17826291392446497,0,903.574,285.458,0,903.574,285.458
313,287.5984963355858,0.17828887269212693,0,900.085,270.082,0,900.085,270.082
314,287.5984963355858,0.17828887269212693,0,896.321,254.624,0,896.321,254.624
315,290.1014902172841,0.17828115735117311,0,892.284,239.088,0,892.284,239.088
316,290.1014902172841,0.17828115735117311,0,887.976,223.479,0,887.976,223.479
317,290.1014902172841,0.17828115735117311,0,883.397,207.802,0,883.397,207.802
318,292.47854922146104,0.17764174111356298,0,878.549,192.061,0,878.549,192.061
319,292.47854922146104,0.17764174111356298,0,873.433,176.263,0,873.433,176.263
320,294.7726076601073,0.17680405430348473,0,868.051,160.41,0,868.051,160.41
321,294.7726076601073,0.17680405430348473,0,862.405,144.509,0,862.405,144.509
322,296.9605258705524,0.1754389758276982,0,856.496,128.563,0,856.496,128.563
323,296.9605258705524,0.1754389758276982,0,850.326,112.579,0,850.326,112.579
324,299.0914571888433,0.17400097953720375,0,843.897,96.56,0,843.897,96.56
325,299.0914571888433,0.17400097953720375,0,837.212,80.5118,0,837.212,80.5118
326,299.0914571888433,0.17400097953720375,0,830.271,64.439,0,830.271,64.439
327,301.1165365970206,0.1722028058976339,0,823.077,48.3466,0,823.077,48.3466
328,301.1165365970206,0.1722028058976339,0,815.632,32.2395,0,815.632,32.2395
329,303.177895788455,0.17002328967239552,0,807.939,16.1226,0,807.939,16.1226
330,303.177895788455,0.17002328967239552,0,800,0.000768182,0,800,0.000768182
331,305.06978179397333,0.1675208297995229,16.1211,807.939,0,16.1211,807.939,0
332,305.06978179397333,0.1675208297995229,32.238,815.632,0,32.238,815.632,0
333,306.97478352819564,0.16478253911786683,48.3451,823.076,0,48.3451,823.076,0
334,306.97478352819564,0.16478253911786683,64.4375,830.27,0,64.4375,830.27,0
335,308.9291439599138,0.16167915196377547,80.5102,837.211,0,80.5102,837.211,0
336,308.9291439599138,0.16167915196377547,96.5585,843.897,0,96.5585,843.897,0
337,308.9291439599138,0.16167915196377547,112.577,850.326,0,112.577,850.326,0
338,310.884992379157,0.15866441263392392,128.562,856.495,0,128.562,856.495,0
339,310.884992379157,0.15866441263392392,144.507,862.404,0,144.507,862.404,0
340,312.75645273334663,0.1553565324499334,160.409,868.051,0,160.409,868.051,0
341,312.75645273334663,0.1553565324499334,176.261,873.432,0,176.261,873.432,0
342,314.776385734571,0.15202118164723097,192.06,878.548,0,192.06,878.548,0
343,314.776385734571,0.15202118164723097,207.8,883.396,0,207.8,883.396,0
344,316.7745606474035,0.14871610610608832,223.477,887.975,0,223.477,887.975,0
345,316.7745606474035,0.14871610610608832,239.086,892.284,0,239.086,892.284,0
346,318.7687718698571,0.1458819372357963,254.622,896.321,0,254.622,896.321,0
347,318.7687718698571,0.1458819372357963,270.081,900.084,0,270.081,900.084,0
348,318.7687718698571,0.1458819372357963,285.457,903.574,0,285.457,903.574,0
349,320.69317717272656,0.14360061789843356,300.746,906.788,0,300.746,906.788,0
350,320.69317717272656,0.14360061789843356,315.944,909.726,0,315.944,909.726,0
351,322.6135293515036,0.141163128429258,331.045,912.387,0,331.045,912.387,0
352,322.6135293515036,0.141163128429258,346.046,914.77,0,346.046,914.77,0
353,324.563511024067,0.1391800920212442,360.941,916.875,0,360.941,916.875,0
354,324.563511024067,0.1391800920212442,375.726,918.7,0,375.726,918.7,0
355,326.56962158529865,0.13758732094243342,390.397,920.245,0,390.397,920.245,0
356,326.56962158529865,0.13758732094243342,404.949,921.51,0,404.949,921.51,0
357,328.58330623231245,0.13643866509806662,419.378,922.494,0,419.378,922.494,0
358,328.58330623231245,0.13643866509806662,433.679,923.198,0,433.679,923.198,0
359,328.58330623231245,0.13643866509806662,447.847,923.62,0,447.847,923.62,0
360,330.48659749294177,0.1357908010146842,461.879,923.76,0,461.879,923.76,0
361,330.48659749294177,0.1357908010146842,475.771,923.62,0,475.771,923.62,0
362,332.4228740485399,0.13546581007671543,489.518,923.198,0,489.518,923.198,0
363,332.4228740485399,0.13546581007671543,503.115,922.494,0,503.115,922.494,0
364,334.1992579136103,0.13572817101007267,516.56,921.51,0,516.56,921.51,0
365,334.1992579136103,0.13572817101007267,529.847,920.245,0,529.847,920.245,0
366,335.787655833588,0.13650601453095815,542.972,918.7,0,542.972,918.7,0
367,335.787655833588,0.13650601453095815,555.932,916.875,0,555.932,916.875,0
368,337.28592546095354,0.13745031203661484,568.723,914.771,0,568.723,914.771,0
369,337.28592546095354,0.13745031203661484,581.341,912.388,0,581.341,912.388,0
370,338.6548590046239,0.13876022665335633,593.781,909.727,0,593.781,909.727,0
371,338.6548590046239,0.13876022665335633,606.041,906.789,0,606.041,906.789,0
372,338.6548590046239,0.13876022665335633,618.116,903.574,0,618.116,903.574,0
373,339.88753757193575,0.1403763326933299,630.002,900.085,0,630.002,900.085,0
374,339.88753757193575,0.1403763326933299,641.697,896.321,0,641.697,896.321,0
375,341.16885130681794,0.14200534740874785,653.197,892.284,0,653.197,892.284,0
376,341.16885130681794,0.14200534740874785,664.497,887.976,0,664.497,887.976,0
377,342.4367930515117,0.1435090385430019,675.595,883.397,0,675.595,883.397,0
378,342.4367930515117,0.1435090385430019,686.487,878.549,0,686.487,878.549,0
379,343.69129718373097,0.14509501498384245,697.17,873.433,0,697.17,873.433,0
380,343.69129718373097,0.14509501498384245,707.641,868.051,0,707.641,868.051,0
381,345.013896394876,0.14639168335555633,717.896,862.405,0,717.896,862.405,0
382,345.013896394876,0.14639168335555633,727.933,856.496,0,727.933,856.496,0
383,345.013896394876,0.14639168335555633,737.747,850.326,0,737.747,850.326,0
384,346.37208726134213,0.14756950887715684,747.337,843.898,0,747.337,843.898,0
385,346.37208726134213,0.14756950887715684,756.7,837.212,0,756.7,837.212,0
386,347.75062392039627,0.1484958801962138,765.832,830.271,0,765.832,830.271,0
387,347.75062392039627,0.1484958801962138,774.73,823.077,0,774.73,823.077,0
388,349.206503924397,0.149187024209291,783.393,815.632,0,783.393,815.632,0
389,349.206503924397,0.149187024209291,791.817,807.94,0,791.817,807.94,0
390,350.77752848337957,0.14968583994514836,800,800,0,800,800,0
391,350.77752848337957,0.14968583994514836,807.939,791.818,0,807.939,791.818,0
392,350.77752848337957,0.14968583994514836,815.632,783.394,0,815.632,783.394,0
393,352.45352111026483,0.1499413689535689,823.076,774.731,0,823.076,774.731,0
394,352.45352111026483,0.1499413689535689,830.27,765.833,0,830.27,765.833,0
395,354.3056393233197,0.1499572225136824,837.211,756.701,0,837.211,756.701,0
396,354.3056393233197,0.1499572225136824,843.897,747.338,0,843.897,747.338,0
397,356.37198741578436,0.1497786330947166,850.326,737.748,0,850.326,737.748,0
398,356.37198741578436,0.1497786330947166,856.495,727.934,0,856.495,727.934,0
399,358.5202108591475,0.14953965396713317,862.404,717.897,0,862.404,717.897,0
400,358.5202108591475,0.14953965396713317,868.051,707.642,0,868.051,707.642,0
401,0.88738020165394,0.1491560818670715,873.432,697.171,0,873.432,697.171,0
402,0.88738020165394,0.1491560818670715,878.548,686.488,0,878.548,686.488,0
403,0.88738020165394,0.1491560818670715,883.396,675.596,0,883.396,675.596,0
404,3.304744601604824,0.14881095755547172,887.975,664.498,0,887.975,664.498,0
405,3.304744601604824,0.14881095755547172,892.284,653.198,0,892.284,653.198,0
406,5.794261266236688,0.14861923371023897,896.321,641.699,0,896.321,641.699,0
407,5.794261266236688,0.14861923371023897,900.084,630.004,0,900.084,630.004,0
408,8.34997334608643,0.1482722935204519,903.574,618.117,0,903.574,618.117,0
409,8.34997334608643,0.1482722935204519,906.788,606.042,0,906.788,606.042,0
410,10.970179630921265,0.14797742344825038,909.726,593.782,0,909.726,593.782,0
411,10.970179630921265,0.14797742344825038,912.387,581.342,0,912.387,581.342,0
412,14.038293711252578,0.14716294250589584,914.77,568.724,0,914.77,568.724,0
413,14.038293711252578,0.14716294250589584,916.875,555.934,0,916.875,555.934,0
414,14.038293711252578,0.14716294250589584,918.7,542.974,0,918.7,542.974,0
415,16.87291551367086,0.14696443784204627,920.245,529.848,0,920.245,529.848,0
416,16.87291551367086,0.14696443784204627,921.51,516.561,0,921.51,516.561,0
417,19.67737040034659,0.14655117214849542,922.494,503.117,0,922.494,503.117,0
418,19.67737040034659,0.14655117214849542,923.198,489.519,0,923.198,489.519,0
419,22.660477799516386,0.1464274639602136,923.62,475.773,0,923.62,475.773,0
420,22.660477799516386,0.1464274639602136,923.76,461.881,0,923.76,461.881,0
421,25.707112146452346,0.14647076067516118,923.62,447.849,0,923.62,447.849,0
422,25.707112146452346,0.14647076067516118,923.198,433.68,0,923.198,433.68,0
423,25.707112146452346,0.14647076067516118,922.495,419.379,0,922.495,419.379,0
424,28.14507352967128,0.1475430035727835,921.51,404.951,0,921.51,404.951,0
425,31.54087169988326,0.1473943078914102,920.245,390.399,0,920.245,390.399,0
426,31.54087169988326,0.1473943078914102,918.7,375.728,0,918.7,375.728,0
427,31.54087169988326,0.1473943078914102,916.875,360.943,0,916.875,360.943,0
428,34.88654210945522,0.14747392308870888,914.771,346.048,0,914.771,346.048,0
429,34.88654210945522,0.14747392308870888,912.388,331.047,0,912.388,331.047,0
430,38.33735465016863,0.14746429760688684,909.727,315.946,0,909.727,315.946,0
431,38.33735465016863,0.14746429760688684,906.789,300.748,0,906.789,300.748,0
432,41.87165393275479,0.14727255262081954,903.574,285.459,0,903.574,285.459,0
433,41.87165393275479,0.14727255262081954,900.085,270.082,0,900.085,270.082,0
434,45.258625587515766,0.14732313435290004,896.321,254.624,0,896.321,254.624,0
435,45.258625587515766,0.14732313435290004,892.284,239.088,0,892.284,239.088,0
436,45.258625587515766,0.14732313435290004,887.976,223.479,0,887.976,223.479,0
437,48.56004146535352,0.1476901645494777,883.397,207.802,0,883.397,207.802,0
438,48.56004146535352,0.1476901645494777,878.549,192.062,0,878.549,192.062,0
439,51.88759199491322,0.14774475655000954,873.433,176.263,0,873.433,176.263,0
440,51.88759199491322,0.14774475655000954,868.051,160.41,0,868.051,160.41,0
441,55.10290795881165,0.1475912627307888,862.405,144.509,0,862.405,144.509,0
442,55.10290795881165,0.1475912627307888,856.496,128.564,0,856.496,128.564,0
443,58.256755726490674,0.14741803988194838,850.326,112.579,0,850.326,112.579,0
444,58.256755726490674,0.14741803988194838,843.898,96.5603,0,843.898,96.5603,0
445,58.256755726490674,0.14741803988194838,837.212,80.5121,0,837.212,80.5121,0
446,61.2627033963705,0.14711510193747232,830.271,64.4393,0,830.271,64.4393,0
447,64.2089681429126,0.14657289741610752,823.077,48.3469,0,823.077,48.3469,0
448,64.2089681429126,0.14657289741610752,815.633,32.2398,0,815.633,32.2398,0
449,64.2089681429126,0.14657289741610752,807.94,16.1229,0,807.94,16.1229,0
450,67.05698218699771,0.1458574083813337,800.001,0.00104752,0,800.001,0.00104752,0
451,67.05698218699771,0.1458574083813337,807.939,0,16.1208,807.939,0,16.1208
452,69.87476745061534,0.14481409325436778,815.632,0,32.2377,815.632,0,32.2377
453,69.87476745061534,0.14481409325436778,823.076,0,48.3448,823.076,0,48.3448
454,72.67484709624303,0.14328669816118783,830.27,0,64.4372,830.27,0,64.4372
455,72.67484709624303,0.14328669816118783,837.211,0,80.51,837.211,0,80.51
456,75.31325619306044,0.14151517522415133,843.897,0,96.5582,843.897,0,96.5582
457,75.31325619306044,0.14151517522415133,850.326,0,112.577,850.326,0,112.577
458,75.31325619306044,0.14151517522415133,856.495,0,128.562,856.495,0,128.562
459,77.79311791567001,0.13979523096883184,862.404,0,144.507,862.404,0,144.507
460,77.79311791567001,0.13979523096883184,868.05,0,160.408,868.05,0,160.408
461,80.32505433742288,0.13783843306318905,873.432,0,176.261,873.432,0,176.261
462,80.32505433742288,0.13783843306318905,878.548,0,192.06,878.548,0,192.06
463,82.73585419158002,0.13586035172263755,883.396,0,207.8,883.396,0,207.8
464,82.73585419158002,0.13586035172263755,887.975,0,223.477,887.975,0,223.477
465,84.98883637441249,0.13386537612900826,892.284,0,239.086,892.284,0,239.086
466,84.98883637441249,0.13386537612900826,896.321,0,254.622,896.321,0,254.622
467,87.36354326149949,0.13200381075023698,900.084,0,270.08,900.084,0,270.08
468,87.36354326149949,0.13200381075023698,903.574,0,285.457,903.574,0,285.457
469,89.60830214098235,0.13031153860025443,906.788,0,300.746,906.788,0,300.746
470,89.60830214098235,0.13031153860025443,909.726,0,315.944,909.726,0,315.944
471,89.60830214098235,0.13031153860025443,912.387,0,331.045,912.387,0,331.045
472,91.86415433543527,0.12902351783657479,914.77,0,346.046,914.77,0,346.046
473,91.86415433543527,0.12902351783657479,916.875,0,360.941,916.875,0,360.941
474,93.97140788520377,0.12799206762548937,918.7,0,375.726,918.7,0,375.726
475,93.97140788520377,0.12799206762548937,920.245,0,390.397,920.245,0,390.397
476,95.95383720492751,0.12733400854908733,921.51,0,404.949,921.51,0,404.949
477,95.95383720492751,0.12733400854908733,922.494,0,419.377,922.494,0,419.377
478,97.86711122931663,0.12691777955602224,923.198,0,433.678,923.198,0,433.678
479,97.86711122931663,0.12691777955602224,923.62,0,447.847,923.62,0,447.847
480,99.60083105879879,0.12678743971230513,923.76,0,461.879,923.76,0,461.879
481,99.60083105879879,0.12678743971230513,923.62,0,475.771,923.62,0,475.771
482,99.60083105879879,0.12678743971230513,923.198,0,489.517,923.198,0,489.517
483,101.18925565019366,0.127094867337848,922.495,0,503.115,922.495,0,503.115
484,101.18925565019366,0.127094867337848,921.51,0,516.559,921.51,0,516.559
485,102.73864449980938,0.12785122104667151,920.245,0,529.846,920.245,0,529.846
486,102.73864449980938,0.12785122104667151,918.7,0,542.972,918.7,0,542.972
487,104.31346022674056,0.12861619230985982,916.875,0,555.932,916.875,0,555.932
488,104.31346022674056,0.12861619230985982,914.771,0,568.723,914.771,0,568.723
489,104.31346022674056,0.12861619230985982,912.388,0,581.34,912.388,0,581.34
490,105.83951318098705,0.1296058679744448,909.727,0,593.781,909.727,0,593.781
491,107.43067244126047,0.13058985064143241,906.789,0,606.041,906.789,0,606.041
492,107.43067244126047,0.13058985064143241,903.574,0,618.116,903.574,0,618.116
493,107.43067244126047,0.13058985064143241,900.085,0,630.002,900.085,0,630.002
494,108.97574800262524,0.13189016226222208,896.321,0,641.697,896.321,0,641.697
495,108.97574800262524,0.13189016226222208,892.284,0,653.196,892.284,0,653.196
496,110.67318137811546,0.13339535786651904,887.976,0,664.497,887.976,0,664.497
497,110.67318137811546,0.13339535786651904,883.397,0,675.595,883.397,0,675.595
498,112.05705178891785,0.13464344885102308,878.549,0,686.487,878.549,0,686.487
499,112.05705178891785,0.13464344885102308,873.433,0,697.17,873.433,0,697.17
500,113.69536876738995,0.13598932224139093,868.051,0,707.641,868.051,0,707.641
501,113.69536876738995,0.13598932224139093,862.405,0,717.896,862.405,0,717.896
502,113.69536876738995,0.13598932224139093,856.496,0,727.932,856.496,0,727.932
503,115.36213755691323,0.13736697684027654,850.326,0,737.747,850.326,0,737.747
504,115.36213755691323,0.13736697684027654,843.898,0,747.337,843.898,0,747.337
505,117.14979467791922,0.13886485904338752,837.212,0,756.7,837.212,0,756.7
506,117.14979467791922,0.13886485904338752,830.271,0,765.831,830.271,0,765.831
507,118.95965495733182,0.14017854170923655,823.077,0,774.73,823.077,0,774.73
508,118.95965495733182,0.14017854170923655,815.633,0,783.393,815.633,0,783.393
509,120.95634615315527,0.14164524849798968,807.94,0,791.817,807.94,0,791.817
510,120.95634615315527,0.14164524849798968,800.001,0,799.999,800.001,0,799.999
511,123.01077082111095,0.14298338940601543,791.818,0,807.939,791.818,0,807.939
512,123.01077082111095,0.14298338940601543,783.394,0,815.631,783.394,0,815.631
513,123.01077082111095,0.14298338940601543,774.731,0,823.076,774.731,0,823.076
514,125.18782727139182,0.14443120883175367,765.833,0,830.27,765.833,0,830.27
515,125.18782727139182,0.14443120883175367,756.701,0,837.211,756.701,0,837.211
516,127.40140051941974,0.14581024199188608,747.339,0,843.897,747.339,0,843.897
517,127.40140051941974,0.14581024199188608,737.749,0,850.325,737.749,0,850.325
518,129.7085691295999,0.14729169473193937,727.934,0,856.495,727.934,0,856.495
519,129.7085691295999,0.14729169473193937,717.897,0,862.404,717.897,0,862.404
520,132.0543462639126,0.14884488028657017,707.642,0,868.05,707.642,0,868.05
521,132.0543462639126,0.14884488028657017,697.172,0,873.432,697.172,0,873.432
522,132.0543462639126,0.14884488028657017,686.489,0,878.548,686.489,0,878.548
523,134.38671843310814,0.15042445520918857,675.596,0,883.396,675.596,0,883.396
524,134.38671843310814,0.15042445520918857,664.498,0,887.975,664.498,0,887.975
525,136.79083639732806,0.15220219938037247,653.198,0,892.284,653.198,0,892.284
526,136.79083639732806,0.15220219938037247,641.699,0,896.321,641.699,0,896.321
527,139.11172834008096,0.15387396150623417,630.004,0,900.084,630.004,0,900.084
528,139.11172834008096,0.15387396150623417,618.117,0,903.574,618.117,0,903.574
529,141.5116708634662,0.1557305907117691,606.042,0,906.788,606.042,0,906.788
530,141.5116708634662,0.1557305907117691,593.783,0,909.726,593.783,0,909.726
531,143.8027067611502,0.15752522369094163,581.342,0,912.387,581.342,0,912.387
532,143.8027067611502,0.15752522369094163,568.725,0,914.77,568.725,0,914.77
533,146.13490336653993,0.15948542472824045,555.934,0,916.875,555.934,0,916.875
534,146.13490336653993,0.15948542472824045,542.974,0,918.7,542.974,0,918.7
535,148.4047317897647,0.16110941667297926,529.848,0,920.245,529.848,0,920.245
536,148.4047317897647,0.16110941667297926,516.561,0,921.51,516.561,0,921.51
537,148.4047317897647,0.16110941667297926,503.117,0,922.494,503.117,0,922.494
538,150.78409985430068,0.16260217228087953,489.52,0,923.198,489.52,0,923.198
539,150.78409985430068,0.16260217228087953,475.773,0,923.62,475.773,0,923.62
540,153.09401595309194,0.16403198723297505,461.881,0,923.76,461.881,0,923.76
541,153.09401595309194,0.16403198723297505,447.849,0,923.62,447.849,0,923.62
542,155.41965841643128,0.16525374698571427,433.68,0,923.198,433.68,0,923.198
543,155.41965841643128,0.16525374698571427,419.38,0,922.495,419.38,0,922.495
544,157.73628937808618,0.16635095440604644,404.951,0,921.51,404.951,0,921.51
545,157.73628937808618,0.16635095440604644,390.399,0,920.245,390.399,0,920.245
546,160.2172255875242,0.16718276539570862,375.728,0,918.7,375.728,0,918.7
547,160.2172255875242,0.16718276539570862,360.943,0,916.875,360.943,0,916.875
548,160.2172255875242,0.16718276539570862,346.048,0,914.771,346.048,0,914.771
549,162.6244973998884,0.16754473864473304,331.047,0,912.388,331.047,0,912.388
550,162.6244973998884,0.16754473864473304,315.946,0,909.727,315.946,0,909.727
551,165.11854585984383,0.16794114095118928,300.748,0,906.789,300.748,0,906.789
552,165.11854585984383,0.16794114095118928,285.459,0,903.574,285.459,0,903.574
553,167.55972333796115,0.16835342275881265,270.083,0,900.085,270.083,0,900.085
554,167.55972333796115,0.16835342275881265,254.624,0,896.321,254.624,0,896.321
555,169.9828018157641,0.16853639271419,239.088,0,892.284,239.088,0,892.284
556,169.9828018157641,0.16853639271419,223.479,0,887.976,223.479,0,887.976
557,169.9828018157641,0.16853639271419,207.802,0,883.397,207.802,0,883.397
558,172.2929032697368,0.16850672402071737,192.062,0,878.549,192.062,0,878.549
559,172.2929032697368,0.16850672402071737,176.263,0,873.433,176.263,0,873.433
560,174.609755001432,0.16823993056375847,160.411,0,868.051,160.411,0,868.051
561,174.609755001432,0.16823993056375847,144.509,0,862.405,144.509,0,862.405
562,176.67494062539714,0.16782226428784638,128.564,0,856.496,128.564,0,856.496
563,176.67494062539714,0.16782226428784638,112.579,0,850.326,112.579,0,850.326
564,178.7891497756761,0.16707628029033597,96.5606,0,843.898,96.5606,0,843.898
565,178.7891497756761,0.16707628029033597,80.5123,0,837.212,80.5123,0,837.212
566,180.71556109900882,0.1660871136083584,64.4396,0,830.271,64.4396,0,830.271
567,180.71556109900882,0.1660871136083584,48.3472,0,823.077,48.3472,0,823.077
568,182.7282328098264,0.16488470638842892,32.2401,0,815.633,32.2401,0,815.633
569,182.7282328098264,0.16488470638842892,16.1232,0,807.94,16.1232,0,807.94
570,182.7282328098264,0.16488470638842892,0.00132686,0,800.001,0.00132686,0,800.001
571,184.61658754059522,0.16320844260684395,0,16.1205,807.938,0,16.1205,807.938
572,184.61658754059522,0.16320844260684395,0,32.2374,815.631,0,32.2374,815.631
573,186.4879349716917,0.16122373084636257,0,48.3446,823.076,0,48.3446,823.076
574,186.4879349716917,0.16122373084636257,0,64.4369,830.27,0,64.4369,830.27
575,188.3289706412382,0.1590773663459634,0,80.5097,837.211,0,80.5097,837.211
576,188.3289706412382,0.1590773663459634,0,96.5579,843.897,0,96.5579,843.897
577,190.07457535733568,0.15661245320341743,0,112.577,850.325,0,112.577,850.325
578,190.07457535733568,0.15661245320341743,0,128.561,856.495,0,128.561,856.495
579,191.7791477706898,0.15407444660371844,0,144.507,862.404,0,144.507,862.404
580,191.7791477706898,0.15407444660371844,0,160.408,868.05,0,160.408,868.05
581,191.7791477706898,0.15407444660371844,0,176.26,873.432,0,176.26,873.432
582,193.45319945116964,0.15160539876684756,0,192.059,878.548,0,192.059,878.548
583,193.45319945116964,0.15160539876684756,0,207.8,883.396,0,207.8,883.396
584,195.06023431587346,0.14903435156605965,0,223.477,887.975,0,223.477,887.975
585,195.06023431587346,0.14903435156605965,0,239.085,892.284,0,239.085,892.284
586,196.65128899834787,0.14657235192796558,0,254.622,896.32,0,254.622,896.32
587,196.65128899834787,0.14657235192796558,0,270.08,900.084,0,270.08,900.084
588,198.3068118944426,0.14441785438453705,0,285.456,903.574,0,285.456,903.574
589,198.3068118944426,0.14441785438453705,0,300.746,906.788,0,300.746,906.788
590,198.3068118944426,0.14441785438453705,0,315.943,909.726,0,315.943,909.726
591,199.9724313036515,0.1424488813834428,0,331.045,912.387,0,331.045,912.387
592,199.9724313036515,0.1424488813834428,0,346.045,914.77,0,346.045,914.77
593,201.64412263900442,0.14073487772395146,0,360.941,916.875,0,360.941,916.875
594,201.64412263900442,0.14073487772395146,0,375.726,918.7,0,375.726,918.7
595,203.23102067445987,0.13947413096593841,0,390.397,920.245,0,390.397,920.245
596,203.23102067445987,0.13947413096593841,0,404.949,921.51,0,404.949,921.51
597,204.79867503316203,0.13878827497783658,0,419.377,922.494,0,419.377,922.494
598,204.79867503316203,0.13878827497783658,0,433.678,923.198,0,433.678,923.198
599,206.3535921351622,0.13852095051570823,0,447.847,923.62,0,447.847,923.62
600,206.3535921351622,0.13852095051570823,0,461.879,923.76,0,461.879,923.76
601,206.3535921351622,0.13852095051570823,0,475.771,923.62,0,475.771,923.62
602,207.7713834723906,0.13883476041527787,0,489.517,923.198,0,489.517,923.198
603,207.7713834723906,0.13883476041527787,0,503.115,922.495,0,503.115,922.495
604,209.29675751839176,0.13930058130433656,0,516.559,921.51,0,516.559,921.51
605,209.29675751839176,0.13930058130433656,0,529.846,920.245,0,529.846,920.245
606,210.76579797659792,0.13999121960360641,0,542.972,918.7,0,542.972,918.7
607,210.76579797659792,0.13999121960360641,0,555.932,916.875,0,555.932,916.875
608,212.26715783064168,0.14105312240271295,0,568.723,914.771,0,568.723,914.771
609,212.26715783064168,0.14105312240271295,0,581.34,912.388,0,581.34,912.388
610,213.73789234063656,0.14244163943819663,0,593.781,909.727,0,593.781,909.727
611,213.73789234063656,0.14244163943819663,0,606.04,906.789,0,606.04,906.789
612,213.73789234063656,0.14244163943819663,0,618.115,903.574,0,618.115,903.574
613,215.26482559992712,0.1441038647815938,0,630.002,900.085,0,630.002,900.085
614,215.26482559992712,0.1441038647815938,0,641.697,896.321,0,641.697,896.321
615,216.8530355181116,0.14569685690857975,0,653.196,892.284,0,653.196,892.284
616,216.8530355181116,0.14569685690857975,0,664.497,887.976,0,664.497,887.976
617,218.47857124907011,0.1472656587453358,0,675.595,883.397,0,675.595,883.397
618,218.47857124907011,0.1472656587453358,0,686.487,878.549,0,686.487,878.549
619,220.13784461300096,0.1488729093766385,0,697.17,873.433,0,697.17,873.433
620,220.13784461300096,0.1488729093766385,0,707.641,868.051,0,707.641,868.051
621,221.86150740141554,0.15028053196622634,0,717.896,862.405,0,717.896,862.405
622,221.86150740141554,0.15028053196622634,0,727.932,856.496,0,727.932,856.496
623,221.86150740141554,0.15028053196622634,0,737.747,850.327,0,737.747,850.327
624,223.69170317051635,0.1515541732243762,0,747.337,843.898,0,747.337,843.898
625,223.69170317051635,0.1515541732243762,0,756.699,837.212,0,756.699,837.212
626,225.63162753976277,0.1529222255424724,0,765.831,830.271,0,765.831,830.271
627,225.63162753976277,0.1529222255424724,0,774.73,823.077,0,774.73,823.077
628,227.77324426848068,0.1539406635678535,0,783.392,815.633,0,783.392,815.633
629,227.77324426848068,0.1539406635678535,0,791.816,807.94,0,791.816,807.94
630,230.06253119392136,0.15494580298679306,0,799.999,800.001,0,799.999,800.001
631,230.06253119392136,0.15494580298679306,0,807.938,791.818,0,807.938,791.818
632,232.54472250236574,0.15576945962330233,0,815.631,783.394,0,815.631,783.394
633,232.54472250236574,0.15576945962330233,0,823.076,774.731,0,823.076,774.731
634,235.14067492098965,0.15652420390303803,0,830.27,765.833,0,830.27,765.833
635,235.14067492098965,0.15652420390303803,0,837.211,756.701,0,837.211,756.701
636,235.14067492098965,0.15652420390303803,0,843.897,747.339,0,843.897,747.339
637,237.8832870392882,0.15712174468081627,0,850.325,737.749,0,850.325,737.749
638,237.8832870392882,0.15712174468081627,0,856.495,727.934,0,856.495,727.934
639,240.7435892565131,0.1578322351442755,0,862.404,717.898,0,862.404,717.898
640,240.7435892565131,0.1578322351442755,0,868.05,707.643,0,868.05,707.643
641,243.75456351047805,0.1584182911612872,0,873.432,697.172,0,873.432,697.172
642,243.75456351047805,0.1584182911612872,0,878.548,686.489,0,878.548,686.489
643,246.81965718499023,0.15933174751187257,0,883.396,675.597,0,883.396,675.597
644,246.81965718499023,0.15933174751187257,0,887.975,664.499,0,887.975,664.499
645,249.96723250288952,0.16037872120017344,0,892.284,653.198,0,892.284,653.198
646,249.96723250288952,0.16037872120017344,0,896.32,641.699,0,896.32,641.699
647,249.96723250288952,0.16037872120017344,0,900.084,630.004,0,900.084,630.004
648,253.14488625489327,0.16153352956804334,0,903.574,618.117,0,903.574,618.117
649,253.14488625489327,0.16153352956804334,0,906.788,606.043,0,906.788,606.043
650,256.386160369522,0.1628614894520591,0,909.726,593.783,0,909.726,593.783
651,256.386160369522,0.1628614894520591,0,912.387,581.342,0,912.387,581.342
652,259.63596372779693,0.16446160796798456,0,914.77,568.725,0,914.77,568.725
653,259.63596372779693,0.16446160796798456,0,916.875,555.934,0,916.875,555.934
654,262.7049773499095,0.16617347888848596,0,918.7,542.974,0,918.7,542.974
655,262.7049773499095,0.16617347888848596,0,920.245,529.848,0,920.245,529.848
656,262.7049773499095,0.16617347888848596,0,921.51,516.562,0,921.51,516.562
657,265.8123335602664,0.16799709171017996,0,922.494,503.117,0,922.494,503.117
658,265.8123335602664,0.16799709171017996,0,923.198,489.52,0,923.198,489.52
659,268.7727143662379,0.17001603398014517,0,923.62,475.773,0,923.62,475.773
660,268.7727143662379,0.17001603398014517,0,923.76,461.882,0,923.76,461.882
661,271.6453224069719,0.17186929600376183,0,923.62,447.849,0,923.62,447.849
662,271.6453224069719,0.17186929600376183,0,923.198,433.681,0,923.198,433.681
663,274.43305671324225,0.17373521025270788,0,922.495,419.38,0,922.495,419.38
664,274.43305671324225,0.17373521025270788,0,921.51,404.951,0,921.51,404.951
665,277.15077072595386,0.1753022651966017,0,920.245,390.399,0,920.245,390.399
666,277.15077072595386,0.1753022651966017,0,918.7,375.729,0,918.7,375.729
667,277.15077072595386,0.1753022651966017,0,916.875,360.943,0,916.875,360.943
668,279.7094430616927,0.17634907864509167,0,914.771,346.048,0,914.771,346.048
669,279.7094430616927,0.17634907864509167,0,912.388,331.048,0,912.388,331.048
670,282.2839622056913,0.17729100614525817,0,909.727,315.946,0,909.727,315.946
671,282.2839622056913,0.17729100614525817,0,906.789,300.748,0,906.789,300.748
672,284.7615065616111,0.17785287942337996,0,903.574,285.459,0,903.574,285.459
673,284.7615065616111,0.17785287942337996,0,900.085,270.083,0,900.085,270.083
674,287.15991342327925,0.17817206216011253,0,896.321,254.624,0,896.321,254.624
675,287.15991342327925,0.17817206216011253,0,892.284,239.088,0,892.284,239.088
676,289.51243186392026,0.1784649078823602,0,887.976,223.479,0,887.976,223.479
677,289.51243186392026,0.1784649078823602,0,883.397,207.802,0,883.397,207.802
678,289.51243186392026,0.1784649078823602,0,878.549,192.062,0,878.549,192.062
679,291.72770263083214,0.17805863668409985,0,873.433,176.263,0,873.433,176.263
680,291.72770263083214,0.17805863668409985,0,868.051,160.411,0,868.051,160.411
681,293.87602825127135,0.17740609368018811,0,862.405,144.51,0,862.405,144.51
682,293.87602825127135,0.17740609368018811,0,856.496,128.564,0,856.496,128.564
683,293.87602825127135,0.17740609368018811,0,850.327,112.58,0,850.327,112.58
684,295.95631008293253,0.1762704728822516,0,843.898,96.5608,0,843.898,96.5608
685,298.0051453222582,0.17485787088502638,0,837.212,80.5126,0,837.212,80.5126
686,298.0051453222582,0.17485787088502638,0,830.271,64.4399,0,830.271,64.4399
687,300.0110893046596,0.17310073120076594,0,823.077,48.3475,0,823.077,48.3475
688,300.0110893046596,0.17310073120076594,0,815.633,32.2404,0,815.633,32.2404
689,301.9879008269474,0.1709312474202765,0,807.94,16.1234,0,807.94,16.1234
690,301.9879008269474,0.1709312474202765,0,800.001,0.0016062,0,800.001,0.0016062
691,301.9879008269474,0.1709312474202765,16.1202,807.938,0,16.1202,807.938,0
692,303.99693190086447,0.1684109192824542,32.2372,815.631,0,32.2372,815.631,0
693,303.99693190086447,0.1684109192824542,48.3443,823.076,0,48.3443,823.076,0
694,306.00520084490574,0.16554766743153448,64.4367,830.27,0,64.4367,830.27,0
695,306.00520084490574,0.16554766743153448,80.5094,837.211,0,80.5094,837.211,0
696,308.0933174758775,0.1624028773703217,96.5576,843.896,0,96.5576,843.896,0
697,308.0933174758775,0.1624028773703217,112.576,850.325,0,112.576,850.325,0
698,310.1887777529915,0.15935757565479458,128.561,856.495,0,128.561,856.495,0
699,310.1887777529915,0.15935757565479458,144.506,862.404,0,144.506,862.404,0
700,310.1887777529915,0.15935757565479458,160.408,868.05,0,160.408,868.05,0
701,312.19148870174195,0.15575001868201996,176.26,873.432,0,176.26,873.432,0
702,312.19148870174195,0.15575001868201996,192.059,878.548,0,192.059,878.548,0
703,314.4234621971326,0.15243627490500025,207.799,883.396,0,207.799,883.396,0
704,314.4234621971326,0.15243627490500025,223.476,887.975,0,223.476,887.975,0
705,316.6001072776886,0.14904148656104071,239.085,892.284,0,239.085,892.284,0
706,316.6001072776886,0.14904148656104071,254.621,896.32,0,254.621,896.32,0
707,318.8900469241497,0.14592247404968603,270.08,900.084,0,270.08,900.084,0
708,318.8900469241497,0.14592247404968603,285.456,903.574,0,285.456,903.574,0
709,321.14174561177214,0.14371071991254855,300.745,906.788,0,300.745,906.788,0
710,321.14174561177214,0.14371071991254855,315.943,909.726,0,315.943,909.726,0
711,323.4057272644976,0.14127967835206554,331.045,912.387,0,331.045,912.387,0
712,323.4057272644976,0.14127967835206554,346.045,914.77,0,346.045,914.77,0
713,323.4057272644976,0.14127967835206554,360.94,916.875,0,360.94,916.875,0
714,325.72763415581625,0.13926108415701385,375.726,918.7,0,375.726,918.7,0
715,325.72763415581625,0.13926108415701385,390.397,920.245,0,390.397,920.245,0
716,328.0771596257041,0.13773301735457902,404.948,921.51,0,404.948,921.51,0
717,328.0771596257041,0.13773301735457902,419.377,922.494,0,419.377,922.494,0
718,330.40469996654133,0.13672014464767424,433.678,923.198,0,433.678,923.198,0
719,330.40469996654133,0.13672014464767424,447.846,923.62,0,447.846,923.62,0
720,332.60927873628543,0.13616379368970435,461.879,923.76,0,461.879,923.76,0
721,332.60927873628543,0.13616379368970435,475.77,923.62,0,475.77,923.62,0
722,332.60927873628543,0.13616379368970435,489.517,923.198,0,489.517,923.198,0
723,334.69778334428986,0.1360222741460437,503.115,922.495,0,503.115,922.495,0
724,334.69778334428986,0.1360222741460437,516.559,921.51,0,516.559,921.51,0
725,336.6050347309241,0.13635764985655324,529.846,920.245,0,529.846,920.245,0
726,336.6050347309241,0.13635764985655324,542.971,918.7,0,542.971,918.7,0
727,338.3542226473263,0.13715496029281068,555.932,916.875,0,555.932,916.875,0
728,338.3542226473263,0.13715496029281068,568.722,914.771,0,568.722,914.771,0
729,339.97957319564784,0.1382709030675248,581.34,912.388,0,581.34,912.388,0
730,339.97957319564784,0.1382709030675248,593.78,909.727,0,593.78,909.727,0
731,341.4244232641235,0.1395899454661838,606.04,906.789,0,606.04,906.789,0
732,341.4244232641235,0.1395899454661838,618.115,903.574,0,618.115,903.574,0
733,341.4244232641235,0.1395899454661838,630.002,900.085,0,630.002,900.085,0
734,342.77476427950825,0.14115841290172165,641.697,896.321,0,641.697,896.321,0
735,342.77476427950825,0.14115841290172165,653.196,892.285,0,653.196,892.285,0
736,344.0782171487441,0.1427034256019094,664.496,887.976,0,664.496,887.976,0
737,344.0782171487441,0.1427034256019094,675.594,883.397,0,675.594,883.397,0
738,344.0782171487441,0.1427034256019094,686.487,878.549,0,686.487,878.549,0
739,345.26900837314395,0.14418824875721614,697.17,873.433,0,697.17,873.433,0
740,346.4122060064543,0.14556166438115156,707.64,868.051,0,707.64,868.051,0
741,346.4122060064543,0.14556166438115156,717.896,862.405,0,717.896,862.405,0
742,347.6255390531727,0.1468057699793998,727.932,856.496,0,727.932,856.496,0
743,347.6255390531727,0.1468057699793998,737.747,850.327,0,737.747,850.327,0
744,347.6255390531727,0.1468057699793998,747.337,843.898,0,747.337,843.898,0
745,348.72833089031514,0.1479930790694653,756.699,837.212,0,756.699,837.212,0
746,348.72833089031514,0.1479930790694653,765.831,830.271,0,765.831,830.271,0
747,349.8296237011528,0.1488767725056453,774.73,823.077,0,774.73,823.077,0
748,349.8296237011528,0.1488767725056453,783.392,815.633,0,783.392,815.633,0
749,350.95389843984566,0.14949261976734748,791.816,807.94,0,791.816,807.94,0
750,350.95389843984566,0.14949261976734748,799.999,800.001,0,799.999,800.001,0
751,352.13342957920236,0.14988725466325023,807.938,791.818,0,807.938,791.818,0
752,352.13342957920236,0.14988725466325023,815.631,783.394,0,815.631,783.394,0
753,353.3595281633518,0.15002582991711658,823.076,774.732,0,823.076,774.732,0
754,353.3595281633518,0.15002582991711658,830.27,765.833,0,830.27,765.833,0
755,353.3595281633518,0.15002582991711658,837.211,756.701,0,837.211,756.701,0
756,354.7256356105637,0.14982625535872562,843.896,747.339,0,843.896,747.339,0
757,354.7256356105637,0.14982625535872562,850.325,737.749,0,850.325,737.749,0
758,356.28509368518536,0.1494425021791881,856.495,727.934,0,856.495,727.934,0
759,356.28509368518536,0.1494425021791881,862.404,717.898,0,862.404,717.898,0
760,358.0192054107223,0.14891992431340179,868.05,707.643,0,868.05,707.643,0
761,358.0192054107223,0.14891992431340179,873.432,697.172,0,873.432,697.172,0
762,359.88218518872236,0.14828765718312184,878.548,686.489,0,878.548,686.489,0
763,359.88218518872236,0.14828765718312184,883.396,675.597,0,883.396,675.597,0
764,1.9111790984663344,0.14763960886414118,887.975,664.499,0,887.975,664.499,0
765,1.9111790984663344,0.14763960886414118,892.284,653.199,0,892.284,653.199,0
766,4.116545202218546,0.1469606779459684,896.32,641.699,0,896.32,641.699,0
767,4.116545202218546,0.1469606779459684,900.084,630.004,0,900.084,630.004,0
768,4.116545202218546,0.1469606779459684,903.574,618.118,0,903.574,618.118,0
769,6.385871522439018,0.14636026100338845,906.788,606.043,0,906.788,606.043,0
770,6.385871522439018,0.14636026100338845,909.726,593.783,0,909.726,593.783,0
771,8.814894595853502,0.14555829996473305,912.387,581.343,0,912.387,581.343,0
772,8.814894595853502,0.14555829996473305,914.77,568.725,0,914.77,568.725,0
773,11.975211854346796,0.14415282083175657,916.875,555.934,0,916.875,555.934,0
774,11.975211854346796,0.14415282083175657,918.7,542.974,0,918.7,542.974,0
775,14.749888845793038,0.14364821748314563,920.245,529.849,0,920.245,529.849,0
776,14.749888845793038,0.14364821748314563,921.51,516.562,0,921.51,516.562,0
777,17.789659982048065,0.1428359625167405,922.494,503.118,0,922.494,503.118,0
778,17.789659982048065,0.1428359625167405,923.198,489.52,0,923.198,489.52,0
779,17.789659982048065,0.1428359625167405,923.62,475.773,0,923.62,475.773,0
780,21.054364435590372,0.14256294287274476,923.76,461.882,0,923.76,461.882,0
781,21.054364435590372,0.14256294287274476,923.62,447.85,0,923.62,447.85,0
782,24.572681652723006,0.14254254874146233,923.198,433.681,0,923.198,433.681,0
783,24.572681652723006,0.14254254874146233,922.495,419.38,0,922.495,419.38,0
784,27.53288793866193,0.14371260732890195,921.51,404.952,0,921.51,404.952,0
785,27.53288793866193,0.14371260732890195,920.245,390.4,0,920.245,390.4,0
786,31.465340863253353,0.1436412916869935,918.7,375.729,0,918.7,375.729,0
787,31.465340863253353,0.1436412916869935,916.875,360.944,0,916.875,360.944,0
788,35.42136310840879,0.14400265298710402,914.771,346.048,0,914.771,346.048,0
789,35.42136310840879,0.14400265298710402,912.388,331.048,0,912.388,331.048,0
790,35.42136310840879,0.14400265298710402,909.727,315.946,0,909.727,315.946,0
791,39.297104110600245,0.14443499740501076,906.789,300.749,0,906.789,300.749,0
792,39.297104110600245,0.14443499740501076,903.574,285.459,0,903.574,285.459,0
793,43.26849439715866,0.1448929767103944,900.085,270.083,0,900.085,270.083,0
794,43.26849439715866,0.1448929767103944,896.321,254.625,0,896.321,254.625,0
795,46.92432961275869,0.1459166140805697,892.285,239.089,0,892.285,239.089,0
796,46.92432961275869,0.1459166140805697,887.976,223.48,0,887.976,223.48,0
797,50.640271656243435,0.14668837643388194,883.397,207.803,0,883.397,207.803,0
798,50.640271656243435,0.14668837643388194,878.549,192.062,0,878.549,192.062,0
799,54.19584057915927,0.14746347632772078,873.433,176.264,0,873.433,176.264,0
800,54.19584057915927,0.14746347632772078,868.051,160.411,0,868.051,160.411,0
801,54.19584057915927,0.14746347632772078,862.405,144.51,0,862.405,144.51,0
802,57.58540625316215,0.14823588789774453,856.496,128.564,0,856.496,128.564,0
803,57.58540625316215,0.14823588789774453,850.327,112.58,0,850.327,112.58,0
804,60.85082542629096,0.14883705485772478,843.898,96.5611,0,843.898,96.5611,0
805,60.85082542629096,0.14883705485772478,837.212,80.5129,0,837.212,80.5129,0
806,63.85455921969998,0.1493317632874112,830.271,64.4401,0,830.271,64.4401,0
807,63.85455921969998,0.1493317632874112,823.077,48.3478,0,823.077,48.3478,0
808,66.8064546927955,0.14932717942025941,815.633,32.2407,0,815.633,32.2407,0
809,66.8064546927955,0.14932717942025941,807.94,16.1237,0,807.94,16.1237,0
810,66.8064546927955,0.14932717942025941,800.001,0.00188554,0,800.001,0.00188554,0
811,69.5934462457611,0.14894983406335718,807.938,0,16.12,807.938,0,16.12
812,69.5934462457611,0.14894983406335718,815.631,0,32.2369,815.631,0,32.2369
813,72.32443572945704,0.14803694012303448,823.076,0,48.344,823.076,0,48.344
814,72.32443572945704,0.14803694012303448,830.27,0,64.4364,830.27,0,64.4364
815,74.84618517454933,0.14660429754330168,837.21,0,80.5091,837.21,0,80.5091
816,74.84618517454933,0.14660429754330168,843.896,0,96.5574,843.896,0,96.5574
817,77.19096915025172,0.14510201828767924,850.325,0,112.576,850.325,0,112.576
818,77.19096915025172,0.14510201828767924,856.495,0,128.561,856.495,0,128.561
819,79.50083845358978,0.14335285672550876,862.404,0,144.506,862.404,0,144.506
820,79.50083845358978,0.14335285672550876,868.05,0,160.407,868.05,0,160.407
821,79.50083845358978,0.14335285672550876,873.432,0,176.26,873.432,0,176.26
822,81.72240502228769,0.14133651751999568,878.548,0,192.059,878.548,0,192.059
823,81.72240502228769,0.14133651751999568,883.396,0,207.799,883.396,0,207.799
824,83.87563216661249,0.13891845263831648,887.975,0,223.476,887.975,0,223.476
825,83.87563216661249,0.13891845263831648,892.284,0,239.085,892.284,0,239.085
826,85.85259408424781,0.13638636839260687,896.32,0,254.621,896.32,0,254.621
827,85.85259408424781,0.13638636839260687,900.084,0,270.08,900.084,0,270.08
828,88.00625967232892,0.13390447141850578,903.574,0,285.456,903.574,0,285.456
829,88.00625967232892,0.13390447141850578,906.788,0,300.745,906.788,0,300.745
830,90.01120770392723,0.13155247152620414,909.726,0,315.943,909.726,0,315.943
831,90.01120770392723,0.13155247152620414,912.387,0,331.044,912.387,0,331.044
832,90.01120770392723,0.13155247152620414,914.77,0,346.045,914.77,0,346.045
833,92.0642155648107,0.129551120452501,916.875,0,360.94,916.875,0,360.94
834,92.0642155648107,0.129551120452501,918.7,0,375.725,918.7,0,375.725
835,94.05292855822613,0.12775926564768345,920.245,0,390.396,920.245,0,390.396
836,94.05292855822613,0.12775926564768345,921.51,0,404.948,921.51,0,404.948
837,95.9342106295422,0.1263877939823047,922.494,0,419.377,922.494,0,419.377
838,95.9342106295422,0.1263877939823047,923.198,0,433.678,923.198,0,433.678
839,97.76212705514524,0.12534183110952077,923.62,0,447.846,923.62,0,447.846
840,97.76212705514524,0.12534183110952077,923.76,0,461.879,923.76,0,461.879
841,99.49082339857515,0.12466859408489257,923.62,0,475.77,923.62,0,475.77
842,99.49082339857515,0.12466859408489257,923.198,0,489.517,923.198,0,489.517
843,99.49082339857515,0.12466859408489257,922.495,0,503.114,922.495,0,503.114
844,101.1532223364777,0.12454237775608147,921.51,0,516.559,921.51,0,516.559
845,101.1532223364777,0.12454237775608147,920.245,0,529.846,920.245,0,529.846
846,102.79157832556999,0.12488951434260626,918.7,0,542.971,918.7,0,542.971
847,102.79157832556999,0.12488951434260626,916.875,0,555.931,916.875,0,555.931
848,102.79157832556999,0.12488951434260626,914.771,0,568.722,914.771,0,568.722
849,104.43689326370827,0.12553775942678982,912.388,0,581.34,912.388,0,581.34
850,104.43689326370827,0.12553775942678982,909.727,0,593.78,909.727,0,593.78
851,104.43689326370827,0.12553775942678982,906.789,0,606.04,906.789,0,606.04
852,107.69683282441267,0.1274871260341606,903.574,0,618.115,903.574,0,618.115
853,107.69683282441267,0.1274871260341606,900.085,0,630.002,900.085,0,630.002
854,107.69683282441267,0.1274871260341606,896.321,0,641.696,896.321,0,641.696
855,109.34173959144525,0.12899661431176684,892.285,0,653.196,892.285,0,653.196
856,109.34173959144525,0.12899661431176684,887.976,0,664.496,887.976,0,664.496
857,110.80414820154733,0.13065500436410446,883.397,0,675.594,883.397,0,675.594
858,110.80414820154733,0.13065500436410446,878.549,0,686.486,878.549,0,686.486
859,112.54193251431965,0.13260543134199151,873.433,0,697.17,873.433,0,697.17
860,112.54193251431965,0.13260543134199151,868.052,0,707.64,868.052,0,707.64
861,114.13317506372333,0.13449435848480196,862.405,0,717.895,862.405,0,717.895
862,114.13317506372333,0.13449435848480196,856.497,0,727.932,856.497,0,727.932
863,115.78681917702414,0.13654279866267474,850.327,0,737.747,850.327,0,737.747
864,115.78681917702414,0.13654279866267474,843.898,0,747.337,843.898,0,747.337
865,115.78681917702414,0.13654279866267474,837.212,0,756.699,837.212,0,756.699
866,117.51908898776782,0.138457613193233,830.271,0,765.831,830.271,0,765.831
867,117.51908898776782,0.138457613193233,823.077,0,774.73,823.077,0,774.73
868,119.38754412799811,0.1405223379539975,815.633,0,783.392,815.633,0,783.392
869,119.38754412799811,0.1405223379539975,807.94,0,791.816,807.94,0,791.816
870,121.33458449597036,0.1425965057689259,800.001,0,799.999,800.001,0,799.999
871,121.33458449597036,0.1425965057689259,791.818,0,807.938,791.818,0,807.938
872,123.35859592616225,0.14450717820693174,783.394,0,815.631,783.394,0,815.631
873,123.35859592616225,0.14450717820693174,774.732,0,823.076,774.732,0,823.076
874,125.51247419313049,0.146523407612751,765.833,0,830.269,765.833,0,830.269
875,125.51247419313049,0.146523407612751,756.701,0,837.21,756.701,0,837.21
876,125.51247419313049,0.146523407612751,747.339,0,843.896,747.339,0,843.896
877,127.70433555852172,0.14835328922208177,737.749,0,850.325,737.749,0,850.325
878,127.70433555852172,0.14835328922208177,727.934,0,856.495,727.934,0,856.495
879,129.99119354706843,0.15034920044974748,717.898,0,862.404,717.898,0,862.404
880,129.99119354706843,0.15034920044974748,707.643,0,868.05,707.643,0,868.05
881,132.27451826665813,0.15212981695682495,697.172,0,873.432,697.172,0,873.432
882,132.27451826665813,0.15212981695682495,686.489,0,878.548,686.489,0,878.548
883,132.27451826665813,0.15212981695682495,675.597,0,883.396,675.597,0,883.396
884,132.27451826665813,0.15212981695682495,664.499,0,887.975,664.499,0,887.975
885,134.6471469959291,0.15411203184687197,653.199,0,892.284,653.199,0,892.284
886,134.6471469959291,0.15411203184687197,641.699,0,896.32,641.699,0,896.32
887,139.33699180713214,0.15773422926167857,630.005,0,900.084,630.005,0,900.084
888,139.33699180713214,0.15773422926167857,618.118,0,903.574,618.118,0,903.574
889,139.33699180713214,0.15773422926167857,606.043,0,906.788,606.043,0,906.788
890,141.71626614720458,0.15956423360751892,593.783,0,909.726,593.783,0,909.726
891,141.71626614720458,0.15956423360751892,581.343,0,912.387,581.343,0,912.387
892,144.01777366717678,0.1611210084335519,568.725,0,914.77,568.725,0,914.77
893,144.01777366717678,0.1611210084335519,555.935,0,916.875,555.935,0,916.875
894,146.3710023622407,0.16292785481719374,542.974,0,918.7,542.974,0,918.7
895,146.3710023622407,0.16292785481719374,529.849,0,920.245,529.849,0,920.245
896,146.3710023622407,0.16292785481719374,516.562,0,921.51,516.562,0,921.51
897,148.76805984025856,0.16412034499310066,503.118,0,922.494,503.118,0,922.494
898,151.25016630512113,0.16552501803417777,489.52,0,923.198,489.52,0,923.198
899,151.25016630512113,0.16552501803417777,475.774,0,923.62,475.774,0,923.62
900,151.25016630512113,0.16552501803417777,461.882,0,923.76,461.882,0,923.76
901,153.64285689327698,0.16659752926200427,447.85,0,923.62,447.85,0,923.62
902,153.64285689327698,0.16659752926200427,433.681,0,923.198,433.681,0,923.198
903,156.22150938341892,0.16752054489407445,419.38,0,922.495,419.38,0,922.495
904,156.22150938341892,0.16752054489407445,404.952,0,921.51,404.952,0,921.51
905,158.7614106922208,0.16825675459941133,390.4,0,920.245,390.4,0,920.245
906,158.7614106922208,0.16825675459941133,375.729,0,918.7,375.729,0,918.7
907,161.45525780021734,0.16844779813758418,360.944,0,916.875,360.944,0,916.875
908,161.45525780021734,0.16844779813758418,346.049,0,914.771,346.049,0,914.771
909,164.05506636853568,0.168715056759082,331.048,0,912.388,331.048,0,912.388
910,164.05506636853568,0.168715056759082,315.947,0,909.727,315.947,0,909.727
911,164.05506636853568,0.168715056759082,300.749,0,906.789,300.749,0,906.789
912,166.7220764780578,0.16896207296214003,285.46,0,903.574,285.46,0,903.574
913,166.7220764780578,0.16896207296214003,270.083,0,900.085,270.083,0,900.085
914,169.24150430705583,0.16906083878998163,254.625,0,896.321,254.625,0,896.321
915,169.24150430705583,0.16906083878998163,239.089,0,892.285,239.089,0,892.285
916,169.24150430705583,0.16906083878998163,223.48,0,887.976,223.48,0,887.976
917,171.77067382684686,0.16867894621021612,207.803,0,883.397,207.803,0,883.397
918,174.07399611937757,0.16837051078043092,192.063,0,878.549,192.063,0,878.549
919,174.07399611937757,0.16837051078043092,176.264,0,873.433,176.264,0,873.433
920,176.36127945370248,0.16771769532619712,160.411,0,868.052,160.411,0,868.052
921,176.36127945370248,0.16771769532619712,144.51,0,862.405,144.51,0,862.405
922,176.36127945370248,0.16771769532619712,128.565,0,856.497,128.565,0,856.497
923,178.42468974220907,0.16691585123271133,112.58,0,850.327,112.58,0,850.327
924,178.42468974220907,0.16691585123271133,96.5614,0,843.898,96.5614,0,843.898
925,180.5218764889496,0.1657569353414184,80.5132,0,837.212,80.5132,0,837.212
926,180.5218764889496,0.1657569353414184,64.4404,0,830.271,64.4404,0,830.271
927,182.56043481050006,0.16472034134939864,48.348,0,823.078,48.348,0,823.078
928,182.56043481050006,0.16472034134939864,32.2409,0,815.633,32.2409,0,815.633
929,184.54961982870728,0.16335690634926664,16.124,0,807.94,16.124,0,807.94
930,184.54961982870728,0.16335690634926664,0.00216488,0,800.001,0.00216488,0,800.001
931,184.54961982870728,0.16335690634926664,0,16.1197,807.938,0,16.1197,807.938
932,186.5574967941306,0.16176410120666226,0,32.2366,815.631,0,32.2366,815.631
933,186.5574967941306,0.16176410120666226,0,48.3437,823.076,0,48.3437,823.076
934,188.47333330769646,0.1600226310655408,0,64.4361,830.269,0,64.4361,830.269
935,188.47333330769646,0.1600226310655408,0,80.5089,837.21,0,80.5089,837.21
936,190.30836784589945,0.15810528181426256,0,96.5571,843.896,0,96.5571,843.896
937,190.30836784589945,0.15810528181426256,0,112.576,850.325,0,112.576,850.325
938,190.30836784589945,0.15810528181426256,0,128.56,856.495,0,128.56,856.495
939,192.00758117825586,0.1559764042807476,0,144.506,862.404,0,144.506,862.404
940,193.55569060946823,0.15374363166569416,0,160.407,868.05,0,160.407,868.05
941,193.55569060946823,0.15374363166569416,0,176.26,873.432,0,176.26,873.432
942,195.03363390140208,0.1515331418609076,0,192.058,878.548,0,192.058,878.548
943,195.03363390140208,0.1515331418609076,0,207.799,883.396,0,207.799,883.396
944,195.03363390140208,0.1515331418609076,0,223.476,887.975,0,223.476,887.975
945,196.48272472979187,0.14938763680243614,0,239.085,892.283,0,239.085,892.283
946,196.48272472979187,0.14938763680243614,0,254.621,896.32,0,254.621,896.32
947,197.89650047341587,0.14730309876676362,0,270.079,900.084,0,270.079,900.084
948,197.89650047341587,0.14730309876676362,0,285.456,903.574,0,285.456,903.574
949,199.34856163773804,0.14569684351086984,0,300.745,906.788,0,300.745,906.788
950,199.34856163773804,0.14569684351086984,0,315.943,909.726,0,315.943,909.726
951,199.34856163773804,0.14569684351086984,0,331.044,912.387,0,331.044,912.387
952,199.34856163773804,0.14569684351086984,0,346.045,914.77,0,346.045,914.77
953,200.8444887956093,0.14425475233825086,0,360.94,916.875,0,360.94,916.875
954,200.8444887956093,0.14425475233825086,0,375.725,918.7,0,375.725,918.7
955,200.8444887956093,0.14425475233825086,0,390.396,920.245,0,390.396,920.245
956,203.6835466969668,0.14247246245557915,0,404.948,921.51,0,404.948,921.51
957,203.6835466969668,0.14247246245557915,0,419.376,922.494,0,419.376,922.494
958,205.0572879863052,0.14215512145018572,0,433.677,923.198,0,433.677,923.198
959,205.0572879863052,0.14215512145018572,0,447.846,923.62,0,447.846,923.62
960,206.39276768766427,0.1421819050251058,0,461.878,923.76,0,461.878,923.76
961,206.39276768766427,0.1421819050251058,0,475.77,923.62,0,475.77,923.62
962,207.53978723577427,0.14271167070438967,0,489.517,923.198,0,489.517,923.198
963,207.53978723577427,0.14271167070438967,0,503.114,922.495,0,503.114,922.495
964,207.53978723577427,0.14271167070438967,0,516.558,921.51,0,516.558,921.51
965,208.81141904187646,0.14323023073938204,0,529.845,920.245,0,529.845,920.245
966,208.81141904187646,0.14323023073938204,0,542.971,918.7,0,542.971,918.7
967,210.0900936752054,0.14397526327799468,0,555.931,916.875,0,555.931,916.875
968,210.0900936752054,0.14397526327799468,0,568.722,914.771,0,568.722,914.771
969,211.4482638274157,0.14513416558806613,0,581.34,912.388,0,581.34,912.388
970,211.4482638274157,0.14513416558806613,0,593.78,909.727,0,593.78,909.727
971,212.8761952696891,0.1464511930347071,0,606.04,906.789,0,606.04,906.789
972,212.8761952696891,0.1464511930347071,0,618.115,903.575,0,618.115,903.575
973,214.41730616985646,0.14789859847984027,0,630.001,900.085,0,630.001,900.085
974,214.41730616985646,0.14789859847984027,0,641.696,896.321,0,641.696,896.321
975,214.41730616985646,0.14789859847984027,0,653.196,892.285,0,653.196,892.285
976,216.02273155852714,0.1493286251970419,0,664.496,887.976,0,664.496,887.976
977,216.02273155852714,0.1493286251970419,0,675.594,883.397,0,675.594,883.397
978,217.6641335854565,0.15063408397291042,0,686.486,878.549,0,686.486,878.549
979,217.6641335854565,0.15063408397291042,0,697.169,873.433,0,697.169,873.433
980,219.43862075056114,0.1518126344577873,0,707.64,868.052,0,707.64,868.052
981,219.43862075056114,0.1518126344577873,0,717.895,862.405,0,717.895,862.405
982,221.34487963273304,0.15288506811210606,0,727.932,856.497,0,727.932,856.497
983,221.34487963273304,0.15288506811210606,0,737.747,850.327,0,737.747,850.327
984,223.31705074475443,0.15387989531967852,0,747.337,843.898,0,747.337,843.898
985,223.31705074475443,0.15387989531967852,0,756.699,837.212,0,756.699,837.212
986,225.49442781228973,0.1546914626261028,0,765.831,830.271,0,765.831,830.271
987,225.49442781228973,0.1546914626261028,0,774.729,823.078,0,774.729,823.078
988,225.49442781228973,0.1546914626261028,0,783.392,815.633,0,783.392,815.633
989,227.8207934169313,0.15547609142869867,0,791.816,807.94,0,791.816,807.94
990,227.8207934169313,0.15547609142869867,0,799.999,800.001,0,799.999,800.001
991,230.32789620757617,0.1562231757799339,0,807.938,791.818,0,807.938,791.818
992,230.32789620757617,0.1562231757799339,0,815.631,783.394,0,815.631,783.394
993,233.0216359979705,0.1568624656280468,0,823.076,774.732,0,823.076,774.732
994,233.0216359979705,0.1568624656280468,0,830.269,765.833,0,830.269,765.833
995,235.92076228247447,0.15742965020510877,0,837.21,756.702,0,837.21,756.702
996,235.92076228247447,0.15742965020510877,0,843.896,747.339,0,843.896,747.339
997,238.87623533358217,0.15804332332834933,0,850.325,737.749,0,850.325,737.749
998,238.87623533358217,0.15804332332834933,0,856.495,727.935,0,856.495,727.935
999,241.96033972689145,0.15868443881246885,0,862.404,717.898,0,862.404,717.898
1000,241.96033972689145,0.15868443881246885,0,868.05,707.643,0,868.05,707.643
1001,241.96033972689145,0.15868443881246885,0,873.432,697.172,0,873.432,697.172
1002,245.13669624185843,0.15946474720835896,0,878.548,686.489,0,878.548,686.489
1003,245.13669624185843,0.15946474720835896,0,883.396,675.597,0,883.396,675.597
1004,245.13669624185843,0.15946474720835896,0,887.975,664.499,0,887.975,664.499
1005,248.31888959501603,0.1603082454663102,0,892.283,653.199,0,892.283,653.199
1006,251.49754070685682,0.1616516425595276,0,896.32,641.7,0,896.32,641.7
1007,251.49754070685682,0.1616516425595276,0,900.084,630.005,0,900.084,630.005
1008,254.75620071282535,0.16298098286290535,0,903.574,618.118,0,903.574,618.118
1009,254.75620071282535,0.16298098286290535,0,906.788,606.043,0,906.788,606.043
1010,254.75620071282535,0.16298098286290535,0,909.726,593.784,0,909.726,593.784
1011,258.02779418766875,0.16449584183964205,0,912.387,581.343,0,912.387,581.343
1012,258.02779418766875,0.16449584183964205,0,914.77,568.726,0,914.77,568.726
1013,258.02779418766875,0.16449584183964205,0,916.875,555.935,0,916.875,555.935
1014,261.25970216038615,0.16629832464602795,0,918.7,542.975,0,918.7,542.975
1015,264.36663404608316,0.16810589795798273,0,920.245,529.849,0,920.245,529.849
1016,264.36663404608316,0.16810589795798273,0,921.51,516.562,0,921.51,516.562
1017,264.36663404608316,0.16810589795798273,0,922.494,503.118,0,922.494,503.118
1018,267.37882750679944,0.16997467411404388,0,923.198,489.52,0,923.198,489.52
1019,270.3279427466367,0.17178677049111757,0,923.62,475.774,0,923.62,475.774
1020,270.3279427466367,0.17178677049111757,0,923.76,461.882,0,923.76,461.882
1021,270.3279427466367,0.17178677049111757,0,923.62,447.85,0,923.62,447.85
1022,273.19651992320127,0.1734749090391167,0,923.198,433.681,0,923.198,433.681
1023,273.19651992320127,0.1734749090391167,0,922.495,419.381,0,922.495,419.381
1024,275.98023849239735,0.17504289763187517,0,921.51,404.952,0,921.51,404.952
1025,275.98023849239735,0.17504289763187517,0,920.245,390.4,0,920.245,390.4
1026,275.98023849239735,0.17504289763187517,0,918.7,375.729,0,918.7,375.729
1027,278.64687639504854,0.1760594064431162,0,916.875,360.944,0,916.875,360.944
1028,278.64687639504854,0.1760594064431162,0,914.771,346.049,0,914.771,346.049
1029,278.64687639504854,0.1760594064431162,0,912.388,331.048,0,912.388,331.048
1030,278.64687639504854,0.1760594064431162,0,909.727,315.947,0,909.727,315.947
1031,283.80784396855097,0.17766005286988049,0,906.789,300.749,0,906.789,300.749
1032,283.80784396855097,0.17766005286988049,0,903.575,285.46,0,903.575,285.46
1033,286.24438626571833,0.17792481416790215,0,900.085,270.084,0,900.085,270.084
1034,286.24438626571833,0.17792481416790215,0,896.321,254.625,0,896.321,254.625
1035,288.6767359138579,0.1782095390988548,0,892.285,239.089,0,892.285,239.089
1036,288.6767359138579,0.1782095390988548,0,887.976,223.48,0,887.976,223.48
1037,290.94810931295217,0.17783502622998001,0,883.397,207.803,0,883.397,207.803
1038,290.94810931295217,0.17783502622998001,0,878.549,192.063,0,878.549,192.063
1039,293.17343142631813,0.17730571899324185,0,873.433,176.264,0,873.433,176.264
1040,293.17343142631813,0.17730571899324185,0,868.052,160.412,0,868.052,160.412
1041,293.17343142631813,0.17730571899324185,0,862.406,144.51,0,862.406,144.51
1042,295.29103134863317,0.17631882688818024,0,856.497,128.565,0,856.497,128.565
1043,295.29103134863317,0.17631882688818024,0,850.327,112.58,0,850.327,112.58
1044,297.3033711675474,0.1748274065289856,0,843.898,96.5617,0,843.898,96.5617
1045,297.3033711675474,0.1748274065289856,0,837.212,80.5134,0,837.212,80.5134
1046,299.2963424918572,0.17314537463326854,0,830.271,64.4407,0,830.271,64.4407
1047,299.2963424918572,0.17314537463326854,0,823.078,48.3483,0,823.078,48.3483
1048,299.2963424918572,0.17314537463326854,0,815.633,32.2412,0,815.633,32.2412
1049,301.2655609877419,0.17113842039479726,0,807.94,16.1243,0,807.94,16.1243
1050,303.16908466364976,0.1688261131371077,0,800.001,0.00244422,0,800.001,0.00244422
1051,303.16908466364976,0.1688261131371077,16.1194,807.938,0,16.1194,807.938,0
1052,305.16645712008653,0.16609722620641618,32.2363,815.631,0,32.2363,815.631,0
1053,305.16645712008653,0.16609722620641618,48.3434,823.075,0,48.3434,823.075,0
1054,305.16645712008653,0.16609722620641618,64.4358,830.269,0,64.4358,830.269,0
1055,307.1513211230373,0.1630675797715302,80.5086,837.21,0,80.5086,837.21,0
1056,307.1513211230373,0.1630675797715302,96.5568,843.896,0,96.5568,843.896,0
1057,309.18641233512415,0.15984980313587402,112.576,850.325,0,112.576,850.325,0
1058,309.18641233512415,0.15984980313587402,128.56,856.495,0,128.56,856.495,0
1059,311.1548217952653,0.15647871219206153,144.506,862.404,0,144.506,862.404,0
1060,311.1548217952653,0.15647871219206153,160.407,868.05,0,160.407,868.05,0
1061,313.26654732576037,0.1533479427335703,176.259,873.432,0,176.259,873.432,0
1062,313.26654732576037,0.1533479427335703,192.058,878.548,0,192.058,878.548,0
1063,313.26654732576037,0.1533479427335703,207.798,883.396,0,207.798,883.396,0
1064,315.3965519691318,0.1498580466320274,223.475,887.975,0,223.475,887.975,0
1065,315.3965519691318,0.1498580466320274,239.084,892.283,0,239.084,892.283,0
1066,315.3965519691318,0.1498580466320274,254.62,896.32,0,254.62,896.32,0
1067,317.4923554576411,0.14686070074514332,270.079,900.084,0,270.079,900.084,0
1068,317.4923554576411,0.14686070074514332,285.455,903.574,0,285.455,903.574,0
1069,317.4923554576411,0.14686070074514332,300.745,906.788,0,300.745,906.788,0
1070,321.79511653562383,0.14206404682670487,315.942,909.726,0,315.942,909.726,0
1071,321.79511653562383,0.14206404682670487,331.044,912.387,0,331.044,912.387,0
1072,323.9136010405357,0.13990923439044195,346.044,914.77,0,346.044,914.77,0
1073,323.9136010405357,0.13990923439044195,360.94,916.875,0,360.94,916.875,0
1074,326.11269368704495,0.13821316423113414,375.725,918.7,0,375.725,918.7,0
1075,326.11269368704495,0.13821316423113414,390.396,920.245,0,390.396,920.245,0
1076,326.11269368704495,0.13821316423113414,404.948,921.51,0,404.948,921.51,0
1077,328.34759118085117,0.13697009882610128,419.376,922.494,0,419.376,922.494,0
1078,328.34759118085117,0.13697009882610128,433.677,923.198,0,433.677,923.198,0
1079,328.34759118085117,0.13697009882610128,447.846,923.62,0,447.846,923.62,0
