0,140624821401352,0
0.176479,20380000,1
0.17647,20390000,2
0.176477,20400000,3
0.176477,20400000,4
0.176469,20420000,5
0.176474,20430000,6
0.176476,20440000,7
0.176473,20450000,8
0.176469,20460000,9
0.17647,20470000,10
0.176466,20480000,11
0.176466,20490000,12
0.176466,20500000,13
0.176482,20510000,14
0.176474,20520000,15
0.176474,20530000,16
0.176477,20540000,17
0.176487,20550000,18
0.176477,20560000,19
0.176469,20570000,20
0.17647,20580000,21
0.176471,20590000,22
0.17648,20600000,23
0.17647,20610000,24
0.176472,20620000,25
0.176467,20630000,26
0.176466,20640000,27
0.17647,20650000,28
0.176471,20660000,29
0.176469,20670000,30
0.176468,20680000,31
0.176475,20690000,32
0.176474,20700000,33
0.176475,20710000,34
0.176468,20720000,35
0.176468,20730000,36
0.176475,20740000,37
0.176472,20750000,38
0.176472,20750000,39
0.17646,20770000,40
0.176466,20780000,41
0.176467,20790000,42
0.176468,20800000,43
0.176469,20810000,44
0.176471,20820000,45
0.176476,20830000,46
0.176476,20830000,47
0.176469,20850000,48
0.176465,20860000,49
0.176472,20870000,50
0.176478,20880000,51
0.176462,20890000,52
0.176465,20900000,53
0.17647,20910000,54
0.176457,20920000,55
0.176463,20930000,56
0.176472,20940000,57
0.176461,20950000,58
0.176472,20960000,59
0.17648,20970000,60
0.176463,20980000,61
0.176461,20990000,62
0.176468,21000000,63
0.176461,21010000,64
0.176476,21020000,65
0.17646,21030000,66
0.176465,21040000,67
0.176466,21050000,68
0.176472,21060000,69
0.176457,21070000,70
0.17646,21080000,71
0.176465,21090000,72
0.17647,21100000,73
0.176462,21110000,74
0.17646,21120000,75
0.176457,21130000,76
0.176461,21140000,77
0.176463,21150000,78
0.176462,21160000,79
0.176469,21170000,80
0.176461,21180000,81
0.176461,21180000,82
0.176469,21200000,83
0.176457,21210000,84
0.176462,21220000,85
0.176459,21230000,86
0.176467,21240000,87
0.176465,21250000,88
0.176461,21260000,89
0.176461,21270000,90
0.176459,21280000,91
0.176461,21290000,92
0.176455,21300000,93
0.176467,21310000,94
0.17646,21320000,95
0.176461,21330000,96
0.176456,21340000,97
0.176458,21350000,98
0.176457,21360000,99
0.176449,21370000,100
0.176464,21380000,101
0.176461,21390000,102
0.176452,21400000,103
0.176455,21410000,104
0.176458,21420000,105
0.176459,21430000,106
0.176454,21440000,107
0.176457,21450000,108
0.176462,21460000,109
0.176454,21470000,110
0.176461,21480000,111
0.176457,21490000,112
0.176454,21500000,113
0.176461,21510000,114
0.176459,21520000,115
0.176464,21530000,116
0.176455,21540000,117
0.176458,21550000,118
0.176457,21560000,119
0.176455,21570000,120
0.176455,21580000,121
0.176451,21590000,122
0.176453,21600000,123
0.17645,21610000,124
0.176454,21620000,125
0.176448,21630000,126
0.176458,21640000,127
0.176448,21650000,128
0.176452,21660000,129
0.17645,21670000,130
0.176451,21680000,131
0.176457,21690000,132
0.176448,21700000,133
0.176454,21710000,134
0.176442,21720000,135
0.176444,21730000,136
0.176444,21740000,137
0.176449,21750000,138
0.176444,21760000,139
0.176441,21770000,140
0.176446,21780000,141
0.176446,21790000,142
0.176446,21800000,143
0.176449,21810000,144
0.176439,21820000,145
0.176441,21830000,146
0.176439,21840000,147
0.176446,21850000,148
0.176442,21860000,149
0.176444,21870000,150
0.176431,21880000,151
0.176438,21890000,152
0.176432,21900000,153
0.176427,21910000,154
0.176437,21920000,155
0.17644,21930000,156
0.176444,21940000,157
0.176437,21950000,158
0.176434,21960000,159
0.176437,21970000,160
0.176437,21970000,161
0.176437,21990000,162
0.176427,22000000,163
0.176433,22010000,164
0.17643,22020000,165
0.176434,22030000,166
0.176418,22040000,167
0.176424,22050000,168
0.17643,22060000,169
0.176426,22070000,170
0.176417,22080000,171
0.176419,22090000,172
0.176427,22100000,173
0.176419,22110000,174
0.176413,22120000,175
0.176415,22130000,176
0.176417,22140000,177
0.176417,22140000,178
0.176408,22160000,179
0.176415,22170000,180
0.17641,22180000,181
0.17641,22190000,182
0.176418,22200000,183
0.17641,22210000,184
0.176408,22220000,185
0.176405,22230000,186
0.176405,22240000,187
0.176401,22250000,188
0.176409,22260000,189
0.176403,22270000,190
0.176399,22280000,191
0.176407,22290000,192
0.176394,22300000,193
0.176397,22310000,194
0.176402,22320000,195
0.176393,22330000,196
0.176393,22340000,197
0.176387,22350000,198
0.176393,22360000,199
0.176393,22370000,200
0.176389,22380000,201
0.176379,22390000,202
0.176383,22400000,203
0.176388,22410000,204
0.176392,22420000,205
0.176378,22430000,206
0.176389,22440000,207
0.176392,22450000,208
0.176375,22460000,209
0.176378,22470000,210
0.176377,22480000,211
0.176386,22490000,212
0.176383,22500000,213
0.176381,22510000,214
0.176367,22520000,215
0.176378,22530000,216
0.176377,22540000,217
0.176364,22550000,218
0.176366,22560000,219
0.176366,22570000,220
0.176368,22580000,221
0.176365,22590000,222
0.17636,22600000,223
0.176344,22610000,224
0.176344,22620000,225
0.176342,22630000,226
0.176327,22640000,227
0.176322,22650000,228
0.176323,22660000,229
0.176322,22670000,230
0.176324,22680000,231
0.176314,22690000,232
0.17633,22700000,233
0.17632,22710000,234
0.176313,22720000,235
0.176319,22730000,236
0.176319,22730000,237
0.176313,22750000,238
0.176317,22760000,239
0.176309,22770000,240
0.176305,22780000,241
0.176308,22790000,242
0.176308,22800000,243
0.176304,22810000,244
0.176298,22820000,245
0.176307,22830000,246
0.176307,22840000,247
0.176298,22850000,248
0.176309,22860000,249
0.176303,22870000,250
0.176304,22880000,251
0.176295,22890000,252
0.176285,22900000,253
0.176292,22910000,254
0.176291,22920000,255
0.176296,22930000,256
0.176288,22940000,257
0.176287,22950000,258
0.176281,22960000,259
0.176283,22970000,260
0.176281,22980000,261
0.176284,22990000,262
0.176282,23000000,263
0.176275,23010000,264
0.176283,23020000,265
0.176275,23030000,266
0.176278,23040000,267
0.176274,23050000,268
0.176273,23060000,269
0.176278,23070000,270
0.176267,23080000,271
0.176261,23090000,272
0.176267,23100000,273
0.176257,23110000,274
0.176265,23120000,275
0.176255,23130000,276
0.176259,23140000,277
0.176248,23150000,278
0.176251,23160000,279
0.176245,23170000,280
0.176248,23180000,281
0.176248,23190000,282
0.176237,23200000,283
0.176233,23210000,284
0.176233,23220000,285
0.176226,23230000,286
0.176223,23240000,287
0.176226,23250000,288
0.176226,23260000,289
0.176222,23270000,290
0.176217,23280000,291
0.17621,23290000,292
0.176214,23300000,293
0.176214,23310000,294
0.176208,23320000,295
0.176212,23330000,296
0.176205,23340000,297
0.176203,23350000,298
0.176112,23360000,299
0.17619,23370000,300
0.176185,23380000,301
0.176195,23390000,302
0.176185,23400000,303
0.176179,23410000,304
0.176177,23420000,305
0.176177,23430000,306
0.176176,23440000,307
0.176172,23450000,308
0.176091,23460000,309
0.176079,23470000,310
0.176102,23480000,311
0.176134,23490000,312
0.176131,23500000,313
0.176123,23510000,314
0.176127,23520000,315
0.176145,23530000,316
0.176143,23540000,317
0.176144,23550000,318
0.176134,23560000,319
0.176139,23570000,320
0.176138,23580000,321
0.176126,23590000,322
0.176132,23600000,323
0.17613,23610000,324
0.176119,23620000,325
0.176119,23630000,326
0.176113,23640000,327
0.176118,23650000,328
0.176114,23660000,329
0.176109,23670000,330
0.176113,23680000,331
0.176111,23690000,332
0.176109,23700000,333
0.176099,23710000,334
0.176113,23720000,335
0.176093,23730000,336
0.1761,23740000,337
0.1761,23750000,338
0.176101,23760000,339
0.176079,23770000,340
0.176085,23780000,341
0.176082,23790000,342
0.176076,23800000,343
0.176076,23810000,344
0.176068,23820000,345
0.176068,23830000,346
0.176059,23840000,347
0.176067,23850000,348
0.176067,23850000,349
0.176057,23870000,350
0.176054,23880000,351
0.176061,23890000,352
0.176048,23900000,353
0.176047,23910000,354
0.176032,23920000,355
0.176036,23930000,356
0.176033,23940000,357
0.17603,23950000,358
0.176033,23960000,359
0.176023,23970000,360
0.176016,23980000,361
0.176012,23990000,362
0.176011,24000000,363
0.176,24010000,364
0.175988,24020000,365
0.175984,24030000,366
0.175986,24040000,367
0.175983,24050000,368
0.175966,24060000,369
0.175975,24070000,370
0.175965,24080000,371
0.175968,24090000,372
0.175962,24100000,373
0.175961,24110000,374
0.175955,24120000,375
0.175959,24130000,376
0.175948,24140000,377
0.175949,24150000,378
0.175951,24160000,379
0.175948,24170000,380
0.17594,24180000,381
0.175941,24190000,382
0.175939,24200000,383
0.175937,24210000,384
0.175934,24220000,385
0.175941,24230000,386
0.175927,24240000,387
0.17593,24250000,388
0.175933,24260000,389
0.175933,24270000,390
0.175919,24280000,391
0.175924,24290000,392
0.17592,24300000,393
0.175917,24310000,394
0.175914,24320000,395
0.175918,24330000,396
0.175909,24340000,397
0.175912,24350000,398
0.175898,24360000,399
0.175909,24370000,400
0.175902,24380000,401
0.175902,24380000,402
0.175899,24400000,403
0.175892,24410000,404
0.175892,24420000,405
0.175883,24430000,406
0.175885,24440000,407
0.175887,24450000,408
0.175881,24460000,409
0.17587,24470000,410
0.175866,24480000,411
0.175865,24490000,412
0.175865,24490000,413
0.17586,24510000,414
0.175857,24520000,415
0.175854,24530000,416
0.17585,24540000,417
0.17585,24550000,418
0.17585,24550000,419
0.175835,24570000,420
0.175833,24580000,421
0.175825,24590000,422
0.175823,24600000,423
0.17581,24610000,424
0.175811,24620000,425
0.175816,24630000,426
0.175812,24640000,427
0.175812,24650000,428
0.175807,24660000,429
0.175806,24670000,430
0.175815,24680000,431
0.175798,24690000,432
0.175805,24700000,433
0.175794,24710000,434
0.175788,24720000,435
0.175793,24730000,436
0.175783,24740000,437
0.175784,24750000,438
0.17579,24760000,439
0.175782,24770000,440
0.175771,24780000,441
0.175773,24790000,442
0.17576,24800000,443
0.175765,24810000,444
0.175759,24820000,445
0.175754,24830000,446
0.175746,24840000,447
0.175726,24850000,448
0.175726,24860000,449
0.175729,24870000,450
0.175729,24880000,451
0.17571,24890000,452
0.175714,24900000,453
0.175717,24910000,454
0.175715,24920000,455
0.175705,24930000,456
0.175705,24940000,457
0.175699,24950000,458
0.175703,24960000,459
0.175684,24970000,460
0.17568,24980000,461
0.175662,24990000,462
0.175663,25000000,463
0.175657,25010000,464
0.175658,25020000,465
0.175652,25030000,466
0.175661,25040000,467
0.175651,25050000,468
0.175653,25060000,469
0.175647,25070000,470
0.175647,25070000,471
0.175639,25090000,472
0.175626,25100000,473
0.175637,25110000,474
0.175626,25120000,475
0.175609,25130000,476
0.175609,25140000,477
0.175599,25150000,478
0.175599,25150000,479
0.175578,25170000,480
0.175571,25180000,481
0.175559,25190000,482
0.175549,25200000,483
0.175544,25210000,484
0.175535,25220000,485
0.175543,25230000,486
0.175539,25240000,487
0.175523,25250000,488
0.175521,25260000,489
0.17553,25270000,490
0.175516,25280000,491
0.175515,25290000,492
0.175514,25300000,493
0.175507,25310000,494
0.17551,25320000,495
0.175511,25330000,496
0.175495,25340000,497
0.175504,25350000,498
0.175492,25360000,499
0.175489,25370000,500
0.175488,25380000,501
0.175481,25390000,502
0.17548,25400000,503
0.175475,25410000,504
0.175462,25420000,505
0.175449,25430000,506
0.175425,25440000,507
0.175425,25450000,508
0.175412,25460000,509
0.175402,25470000,510
0.175404,25480000,511
0.175385,25490000,512
0.175397,25500000,513
0.175384,25510000,514
0.175376,25520000,515
0.175374,25530000,516
0.175353,25540000,517
0.17535,25550000,518
0.175338,25560000,519
0.175336,25570000,520
0.175319,25580000,521
0.17532,25590000,522
0.175314,25600000,523
0.175306,25610000,524
0.175281,25620000,525
0.175284,25630000,526
0.175274,25640000,527
0.175289,25650000,528
0.175276,25660000,529
0.175261,25670000,530
0.175258,25680000,531
0.175246,25690000,532
0.175245,25700000,533
0.175228,25710000,534
0.17522,25720000,535
0.175226,25730000,536
0.175217,25740000,537
0.175218,25750000,538
0.175189,25760000,539
0.175174,25770000,540
0.175164,25780000,541
0.175164,25790000,542
0.175161,25800000,543
0.175149,25810000,544
0.175143,25820000,545
0.175135,25830000,546
0.175122,25840000,547
0.175112,25850000,548
0.175112,25850000,549
0.175098,25870000,550
0.175099,25880000,551
0.175093,25890000,552
0.175078,25900000,553
0.175074,25910000,554
0.175058,25920000,555
0.175065,25930000,556
0.175052,25940000,557
0.175044,25950000,558
0.175023,25960000,559
0.175015,25970000,560
0.174989,25980000,561
0.174992,25990000,562
0.174978,26000000,563
0.174975,26010000,564
0.174964,26020000,565
0.17494,26030000,566
0.174926,26040000,567
0.174917,26050000,568
0.174911,26060000,569
0.174915,26070000,570
0.174902,26080000,571
0.17488,26090000,572
0.174876,26100000,573
0.17486,26110000,574
0.174839,26120000,575
0.174812,26130000,576
0.174813,26140000,577
0.174803,26150000,578
0.174786,26160000,579
0.174773,26170000,580
0.174769,26180000,581
0.174752,26190000,582
0.174736,26200000,583
0.174727,26210000,584
0.174715,26220000,585
0.174717,26230000,586
0.174702,26240000,587
0.174684,26250000,588
0.174678,26260000,589
0.174653,26270000,590
0.174644,26280000,591
0.174638,26290000,592
0.174625,26300000,593
0.174602,26310000,594
0.174591,26320000,595
0.174563,26330000,596
0.174546,26340000,597
0.174555,26350000,598
0.174552,26360000,599
0.174542,26370000,600
0.174447,26380000,601
0.174423,26390000,602
0.174411,26400000,603
0.17442,26410000,604
0.174484,26420000,605
0.174472,26430000,606
0.174378,26440000,607
0.174431,26450000,608
0.174407,26460000,609
0.174407,26460000,610
0.174299,26480000,611
0.174302,26490000,612
0.174377,26500000,613
0.174284,26510000,614
0.17427,26520000,615
0.174241,26530000,616
0.174223,26540000,617
0.174248,26550000,618
0.174238,26560000,619
0.174227,26570000,620
0.174226,26580000,621
0.174245,26590000,622
0.174228,26600000,623
0.174202,26610000,624
0.174175,26620000,625
0.174153,26630000,626
0.174153,26640000,627
0.174139,26650000,628
0.174135,26660000,629
0.174118,26670000,630
0.174102,26680000,631
0.174093,26690000,632
0.174084,26700000,633
0.174081,26710000,634
0.174068,26720000,635
0.174059,26730000,636
0.174038,26740000,637
0.174017,26750000,638
0.174006,26760000,639
0.173988,26770000,640
0.173975,26780000,641
0.173955,26790000,642
0.173943,26800000,643
0.173929,26810000,644
0.173913,26820000,645
0.173904,26830000,646
0.173869,26840000,647
0.173843,26850000,648
0.173807,26860000,649
0.173783,26870000,650
0.17377,26880000,651
0.173748,26890000,652
0.173719,26900000,653
0.173703,26910000,654
0.173685,26920000,655
0.173664,26930000,656
0.173651,26940000,657
0.17363,26950000,658
0.173607,26960000,659
0.173588,26970000,660
0.17357,26980000,661
0.173555,26990000,662
0.173546,27000000,663
0.173527,27010000,664
0.173508,27020000,665
0.173508,27020000,666
0.173475,27040000,667
0.173455,27050000,668
0.173449,27060000,669
0.173439,27070000,670
0.173423,27080000,671
0.17342,27090000,672
0.173392,27100000,673
0.173368,27110000,674
0.173352,27120000,675
0.173341,27130000,676
0.173324,27140000,677
0.173305,27150000,678
0.173286,27160000,679
0.173277,27170000,680
0.17325,27180000,681
0.17325,27180000,682
0.173242,27190000,683
0.173197,27210000,684
0.173178,27220000,685
0.173159,27230000,686
0.173159,27230000,687
0.173116,27250000,688
0.17309,27260000,689
0.173087,27270000,690
0.173051,27280000,691
0.173032,27290000,692
0.173012,27300000,693
0.172991,27310000,694
0.172947,27320000,695
0.172939,27330000,696
0.172908,27340000,697
0.172903,27350000,698
0.172869,27360000,699
0.172843,27370000,700
0.172828,27380000,701
0.1728,27390000,702
0.172767,27400000,703
0.172749,27410000,704
0.172719,27420000,705
0.172698,27430000,706
0.172668,27440000,707
0.172649,27450000,708
0.172611,27460000,709
0.172593,27470000,710
0.172565,27480000,711
0.172547,27490000,712
0.172525,27500000,713
0.172509,27510000,714
0.172509,27510000,715
0.172449,27530000,716
0.172424,27540000,717
0.172402,27550000,718
0.17236,27560000,719
0.172346,27570000,720
0.172325,27580000,721
0.172285,27590000,722
0.172263,27600000,723
0.17222,27610000,724
0.172191,27620000,725
0.172165,27630000,726
0.172144,27640000,727
0.172103,27650000,728
0.172103,27650000,729
0.172035,27670000,730
0.171995,27680000,731
0.171967,27690000,732
0.171937,27700000,733
0.17192,27710000,734
0.171884,27720000,735
0.171862,27730000,736
0.171818,27740000,737
0.171782,27750000,738
0.171751,27760000,739
0.171726,27770000,740
0.171703,27780000,741
0.171669,27790000,742
0.171634,27800000,743
0.171598,27810000,744
0.171564,27820000,745
0.171525,27830000,746
0.1715,27840000,747
0.171461,27850000,748
0.171461,27850000,749
0.171378,27870000,750
0.171315,27880000,751
0.171279,27890000,752
0.171231,27900000,753
0.171205,27910000,754
0.171164,27920000,755
0.171118,27930000,756
0.171072,27940000,757
0.171023,27950000,758
0.170964,27960000,759
0.17092,27970000,760
0.170863,27980000,761
0.170818,27990000,762
0.170764,28000000,763
0.170697,28010000,764
0.17061,28020000,765
0.170544,28030000,766
0.170491,28040000,767
0.170446,28050000,768
0.170392,28060000,769
0.17035,28070000,770
0.170303,28080000,771
0.170258,28090000,772
0.170209,28100000,773
0.170174,28110000,774
0.170121,28120000,775
0.170092,28130000,776
0.170057,28140000,777
0.170031,28150000,778
0.169988,28160000,779
0.169962,28170000,780
0.169924,28180000,781
0.169924,28180000,782
0.169836,28200000,783
0.169792,28210000,784
0.169729,28220000,785
0.169661,28230000,786
0.169589,28240000,787
0.169518,28250000,788
0.169469,28260000,789
0.169413,28270000,790
0.169359,28280000,791
0.169297,28290000,792
0.169228,28300000,793
0.16917,28310000,794
0.169106,28320000,795
0.169028,28330000,796
0.168969,28340000,797
0.168912,28350000,798
0.168861,28360000,799
0.168814,28370000,800
0.168751,28380000,801
0.168698,28390000,802
0.168663,28400000,803
0.16862,28410000,804
0.168594,28420000,805
0.168549,28430000,806
0.168504,28440000,807
0.168463,28450000,808
0.168411,28460000,809
0.168355,28470000,810
0.1683,28480000,811
0.168224,28490000,812
0.168178,28500000,813
0.168128,28510000,814
0.168078,28520000,815
0.168023,28530000,816
0.167988,28540000,817
0.167928,28550000,818
0.167887,28560000,819
0.167826,28570000,820
0.167767,28580000,821
0.167683,28590000,822
0.167624,28600000,823
0.167565,28610000,824
0.167496,28620000,825
0.167496,28620000,826
0.167387,28640000,827
0.16733,28650000,828
0.167281,28660000,829
0.167184,28670000,830
0.167122,28680000,831
0.167063,28690000,832
0.167013,28700000,833
0.166955,28710000,834
0.166904,28720000,835
0.16684,28730000,836
0.166773,28740000,837
0.166703,28750000,838
0.16663,28760000,839
0.166572,28770000,840
0.166499,28780000,841
0.166427,28790000,842
0.16636,28800000,843
0.166305,28810000,844
0.166238,28820000,845
0.166162,28830000,846
0.166093,28840000,847
0.166006,28850000,848
0.165933,28860000,849
0.165861,28870000,850
0.165805,28880000,851
0.165744,28890000,852
0.165686,28900000,853
0.16562,28910000,854
0.165555,28920000,855
0.165502,28930000,856
0.165423,28940000,857
0.165352,28950000,858
0.165268,28960000,859
0.165205,28970000,860
0.165138,28980000,861
0.165077,28990000,862
0.165015,29000000,863
0.164942,29010000,864
0.164878,29020000,865
0.164819,29030000,866
0.164763,29040000,867
0.164705,29050000,868
0.164642,29060000,869
0.164561,29070000,870
0.164465,29080000,871
0.164388,29090000,872
0.164322,29100000,873
0.164262,29110000,874
0.164207,29120000,875
0.164158,29130000,876
0.164098,29140000,877
0.164024,29150000,878
0.163965,29160000,879
0.163892,29170000,880
0.163829,29180000,881
0.163762,29190000,882
0.163695,29200000,883
0.16363,29210000,884
0.163556,29220000,885
0.163475,29230000,886
0.163416,29240000,887
0.163367,29250000,888
0.163324,29260000,889
0.163265,29270000,890
0.163205,29280000,891
0.163129,29290000,892
0.163052,29300000,893
0.162949,29310000,894
0.162872,29320000,895
0.162816,29330000,896
0.162762,29340000,897
0.162698,29350000,898
0.162645,29360000,899
0.1626,29370000,900
0.162528,29380000,901
0.162452,29390000,902
0.162392,29400000,903
0.16233,29410000,904
0.162245,29420000,905
0.162169,29430000,906
0.162087,29440000,907
0.162041,29450000,908
0.16198,29460000,909
0.161908,29470000,910
0.161846,29480000,911
0.161796,29490000,912
0.161718,29500000,913
0.161637,29510000,914
0.161581,29520000,915
0.161516,29530000,916
0.161438,29540000,917
0.161368,29550000,918
0.161287,29560000,919
0.161237,29570000,920
0.161176,29580000,921
0.161176,29580000,922
0.161044,29600000,923
0.160991,29610000,924
0.160943,29620000,925
0.160881,29630000,926
0.16081,29640000,927
0.160747,29650000,928
0.160669,29660000,929
0.160601,29670000,930
0.160544,29680000,931
0.160477,29690000,932
0.160429,29700000,933
0.160353,29710000,934
0.160294,29720000,935
0.160243,29730000,936
0.160174,29740000,937
0.160174,29740000,938
0.160051,29760000,939
0.159991,29770000,940
0.159919,29780000,941
0.159865,29790000,942
0.159782,29800000,943
0.159725,29810000,944
0.159666,29820000,945
0.159666,29820000,946
0.159566,29840000,947
0.159517,29850000,948
0.159456,29860000,949
0.159401,29870000,950
0.159345,29880000,951
0.15926,29890000,952
0.159196,29900000,953
0.159137,29910000,954
0.159084,29920000,955
0.159027,29930000,956
0.158978,29940000,957
0.158918,29950000,958
0.158918,29960000,959
0.158922,29970000,960
0.158926,29980000,961
0.158922,29990000,962
0.158922,30000000,963
0.158924,30010000,964
0.158914,30020000,965
0.158924,30030000,966
0.158925,30040000,967
0.158927,30050000,968
0.158929,30060000,969
0.15892,30070000,970
0.158913,30080000,971
0.158915,30090000,972
0.158913,30100000,973
0.158923,30110000,974
0.158917,30120000,975
0.158919,30130000,976
0.158924,30140000,977
0.158926,30150000,978
0.158917,30160000,979
0.158931,30170000,980
0.157583,30180000,981
0.157539,30190000,982
0.157477,30200000,983
0.157477,30200000,984
0.157366,30220000,985
0.157312,30230000,986
0.157255,30240000,987
0.157209,30250000,988
0.157157,30260000,989
0.157103,30270000,990
0.157041,30280000,991
0.15697,30290000,992
0.156908,30300000,993
0.156845,30310000,994
0.156793,30320000,995
0.156749,30330000,996
0.156684,30340000,997
0.156634,30350000,998
0.15658,30360000,999
0.156523,30370000,1000
0.156479,30380000,1001
0.156429,30390000,1002
0.156388,30400000,1003
0.156334,30410000,1004
0.156276,30420000,1005
0.15621,30430000,1006
0.156131,30440000,1007
0.156097,30450000,1008
0.156048,30460000,1009
0.156008,30470000,1010
0.156008,30470000,1011
0.155907,30490000,1012
0.155903,30500000,1013
0.1559,30510000,1014
0.155897,30520000,1015
0.155899,30530000,1016
0.155903,30540000,1017
0.155905,30550000,1018
0.155899,30560000,1019
0.155907,30570000,1020
0.155904,30580000,1021
0.155895,30590000,1022
0.155899,30600000,1023
0.155907,30610000,1024
0.155904,30620000,1025
0.155904,30630000,1026
0.155027,30640000,1027
0.15502,30650000,1028
0.154921,30660000,1029
0.154865,30670000,1030
0.154828,30680000,1031
0.154773,30690000,1032
0.154723,30700000,1033
0.154755,30710000,1034
0.154701,30720000,1035
0.154654,30730000,1036
0.154584,30740000,1037
0.154538,30750000,1038
0.154488,30760000,1039
0.15442,30770000,1040
0.154365,30780000,1041
0.154307,30790000,1042
0.154261,30800000,1043
0.154228,30810000,1044
0.15418,30820000,1045
0.154126,30830000,1046
0.154058,30840000,1047
0.154002,30850000,1048
0.153946,30860000,1049
0.153895,30870000,1050
0.153849,30880000,1051
0.153799,30890000,1052
0.153755,30900000,1053
0.153701,30910000,1054
0.153648,30920000,1055
0.153586,30930000,1056
0.15353,30940000,1057
0.153486,30950000,1058
0.153436,30960000,1059
0.153404,30970000,1060
0.153357,30980000,1061
0.153305,30990000,1062
0.153256,31000000,1063
0.153196,31010000,1064
0.15315,31020000,1065
0.15309,31030000,1066
0.153043,31040000,1067
0.152983,31050000,1068
0.15293,31060000,1069
0.152892,31070000,1070
0.152848,31080000,1071
0.152809,31090000,1072
0.152777,31100000,1073
0.152745,31110000,1074
0.152696,31120000,1075
0.152642,31130000,1076
0.152584,31140000,1077
0.152518,31150000,1078
0.152442,31160000,1079
0.15239,31170000,1080
0.152313,31180000,1081
0.152274,31190000,1082
0.152222,31200000,1083
0.152184,31210000,1084
0.152153,31220000,1085
0.152116,31230000,1086
0.152076,31240000,1087
0.152032,31250000,1088
0.151967,31260000,1089
0.151967,31260000,1090
0.151867,31280000,1091
0.151825,31290000,1092
0.151774,31300000,1093
0.151717,31310000,1094
0.151674,31320000,1095
0.151625,31330000,1096
0.15157,31340000,1097
0.151545,31350000,1098
0.151495,31360000,1099
0.151441,31370000,1100
0.151405,31380000,1101
0.151369,31390000,1102
0.151329,31400000,1103
0.151071,31410000,1104
0.151243,31420000,1105
0.151199,31430000,1106
0.151144,31440000,1107
0.151114,31450000,1108
0.150858,31460000,1109
0.150815,31470000,1110
0.150756,31480000,1111
0.150697,31490000,1112
0.150642,31500000,1113
0.150592,31510000,1114
0.150546,31520000,1115
0.1505,31530000,1116
0.150457,31540000,1117
0.150413,31550000,1118
0.150375,31560000,1119
0.150339,31570000,1120
0.150314,31580000,1121
0.150276,31590000,1122
0.150212,31600000,1123
0.150171,31610000,1124
0.15011,31620000,1125
0.150057,31630000,1126
0.149996,31640000,1127
0.149954,31650000,1128
0.149903,31660000,1129
0.14987,31670000,1130
0.149833,31680000,1131
0.149786,31690000,1132
0.149762,31700000,1133
0.149718,31710000,1134
0.149667,31720000,1135
0.149631,31730000,1136
0.149631,31730000,1137
0.149533,31750000,1138
0.149476,31760000,1139
0.149415,31770000,1140
0.149376,31780000,1141
0.149351,31790000,1142
0.149312,31800000,1143
0.149274,31810000,1144
0.149233,31820000,1145
0.149196,31830000,1146
0.149125,31840000,1147
0.149081,31850000,1148
0.149043,31860000,1149
0.149003,31870000,1150
0.148976,31880000,1151
0.148931,31890000,1152
0.148896,31900000,1153
0.148874,31910000,1154
0.148832,31920000,1155
0.148776,31930000,1156
0.148751,31940000,1157
0.148723,31950000,1158
0.148684,31960000,1159
0.148619,31970000,1160
0.148571,31980000,1161
0.148525,31990000,1162
0.14848,32000000,1163
0.148442,32009999,1164
0.148398,32020000,1165
0.148371,32030000,1166
0.148328,32040000,1167
0.148285,32049999,1168
0.14826,32060000,1169
0.14826,32060000,1170
0.148181,32080000,1171
0.148151,32090000,1172
0.148106,32100000,1173
0.148058,32110000,1174
0.147993,32119999,1175
0.147967,32130000,1176
0.147929,32140000,1177
0.147873,32150000,1178
0.147828,32159999,1179
0.147777,32170000,1180
0.147727,32180000,1181
0.14767,32189999,1182
0.14763,32200000,1183
0.147571,32210000,1184
0.147537,32220000,1185
0.147503,32229999,1186
0.147468,32240000,1187
0.147426,32250000,1188
0.147379,32259999,1189
0.147342,32270000,1190
0.147298,32280000,1191
0.147251,32290000,1192
0.147209,32299999,1193
0.147179,32310000,1194
0.147129,32320000,1195
0.147081,32330000,1196
0.147081,32330000,1197
0.147002,32350000,1198
0.146974,32360000,1199
0.146916,32369999,1200
0.146858,32380000,1201
0.146812,32390000,1202
0.146751,32400000,1203
0.146705,32409999,1204
0.14667,32420000,1205
0.146638,32430000,1206
0.146599,32439999,1207
0.146572,32450000,1208
0.146528,32460000,1209
0.146485,32470000,1210
0.14645,32479999,1211
0.14641,32490000,1212
0.146376,32500000,1213
0.146328,32509999,1214
0.14629,32520000,1215
0.146242,32530000,1216
0.146191,32540000,1217
0.146142,32549999,1218
0.146093,32560000,1219
0.146041,32570000,1220
0.146006,32580000,1221
0.145973,32590000,1222
0.145948,32600000,1223
0.145922,32610000,1224
0.14591,32619999,1225
0.145864,32630000,1226
0.145833,32640000,1227
0.1458,32650000,1228
0.1458,32659999,1229
0.145796,32670000,1230
0.145791,32680000,1231
0.145795,32689999,1232
0.145533,32700000,1233
0.145518,32710000,1234
0.145497,32720000,1235
0.145474,32729999,1236
0.145421,32740000,1237
0.145378,32750000,1238
0.145381,32759999,1239
0.145333,32770000,1240
0.14528,32780000,1241
0.145155,32790000,1242
0.145118,32799999,1243
0.145083,32810000,1244
0.145049,32820000,1245
0.145028,32830000,1246
0.145003,32840000,1247
0.144962,32850000,1248
0.144936,32860000,1249
0.144897,32869999,1250
0.144884,32880000,1251
0.144854,32890000,1252
0.144815,32900000,1253
0.144847,32909999,1254
0.14481,32920000,1255
0.144784,32930000,1256
0.14476,32939999,1257
0.144726,32950000,1258
0.144674,32960000,1259
0.144621,32970000,1260
0.144578,32979999,1261
0.144539,32990000,1262
0.144519,33000000,1263
0.144461,33009999,1264
0.144418,33020000,1265
0.14438,33030000,1266
0.144335,33040000,1267
0.144288,33049999,1268
0.14425,33060000,1269
0.144239,33070000,1270
0.144194,33080000,1271
0.144182,33090000,1272
0.144168,33100000,1273
0.144139,33110000,1274
0.144142,33119999,1275
0.144151,33130000,1276
0.144148,33140000,1277
0.144151,33150000,1278
0.144149,33159999,1279
0.144141,33170000,1280
0.144143,33180000,1281
0.144143,33189999,1282
0.143784,33200000,1283
0.143763,33210000,1284
0.143743,33220000,1285
0.143713,33229999,1286
0.143715,33240000,1287
0.14371,33250000,1288
0.143708,33259999,1289
0.143711,33270000,1290
0.143715,33280000,1291
0.143722,33290000,1292
0.143443,33299999,1293
0.143406,33310000,1294
0.143374,33320000,1295
0.143366,33330000,1296
0.143347,33340000,1297
0.143317,33350000,1298
0.143274,33360000,1299
0.143228,33369999,1300
0.143178,33380000,1301
0.143144,33390000,1302
0.143106,33400000,1303
0.143064,33409999,1304
0.143031,33420000,1305
0.143006,33430000,1306
0.142983,33439999,1307
0.142956,33450000,1308
0.142935,33460000,1309
0.142733,33470000,1310
0.142687,33479999,1311
0.142646,33490000,1312
0.14262,33500000,1313
0.14258,33509999,1314
0.14256,33520000,1315
0.142513,33530000,1316
0.142629,33540000,1317
0.142593,33549999,1318
0.142568,33560000,1319
0.142543,33570000,1320
0.142502,33580000,1321
0.142511,33590000,1322
0.142455,33600000,1323
0.142403,33610000,1324
0.142361,33620000,1325
0.142304,33630000,1326
0.142244,33640000,1327
0.142209,33650000,1328
0.142176,33660000,1329
0.142135,33670000,1330
0.142116,33680000,1331
0.142073,33690000,1332
0.142041,33700000,1333
0.142001,33710000,1334
0.141977,33720000,1335
0.141956,33730000,1336
0.141918,33740000,1337
0.141889,33750000,1338
0.141844,33760000,1339
0.141815,33770000,1340
0.141774,33780000,1341
0.141733,33790000,1342
0.141694,33800000,1343
0.141636,33810000,1344
0.141602,33820000,1345
0.141582,33830000,1346
0.141557,33840000,1347
0.141513,33850000,1348
0.141462,33860000,1349
0.141418,33870000,1350
0.141386,33880000,1351
0.141347,33890000,1352
0.141324,33900000,1353
0.141282,33910000,1354
0.141282,33910000,1355
0.141223,33930000,1356
0.141211,33940000,1357
0.141198,33950000,1358
0.141181,33960000,1359
0.141172,33970000,1360
0.14114,33980000,1361
0.141103,33990000,1362
0.141066,34000000,1363
0.141021,34010000,1364
0.140984,34020000,1365
0.140959,34030000,1366
0.140914,34040000,1367
0.140875,34050000,1368
0.140845,34060000,1369
0.140815,34070000,1370
0.140781,34080000,1371
0.140763,34090000,1372
0.140744,34100000,1373
0.140698,34110000,1374
0.140659,34120000,1375
0.140622,34130000,1376
0.140583,34140000,1377
0.140553,34150000,1378
0.140524,34160000,1379
0.140486,34170000,1380
0.140465,34180000,1381
0.14044,34190000,1382
0.140425,34200000,1383
0.140403,34210000,1384
0.140403,34220000,1385
0.140398,34230000,1386
0.140393,34240000,1387
0.140372,34250000,1388
0.140333,34260000,1389
0.140292,34270000,1390
0.14023,34280000,1391
0.140195,34290000,1392
0.140137,34300000,1393
0.140099,34310000,1394
0.140048,34320000,1395
0.140017,34330000,1396
0.139978,34340000,1397
0.139968,34350000,1398
0.139945,34360000,1399
0.139914,34370000,1400
0.139884,34380000,1401
0.139847,34390000,1402
0.139821,34400000,1403
0.139801,34410000,1404
0.13978,34420000,1405
0.139758,34430000,1406
0.139727,34440000,1407
0.139694,34450000,1408
0.139663,34460000,1409
0.139629,34470000,1410
0.139594,34480000,1411
0.139572,34490000,1412
0.139567,34500000,1413
0.139546,34510000,1414
0.139528,34520000,1415
0.139491,34530000,1416
0.139465,34540000,1417
0.13943,34550000,1418
0.139408,34560000,1419
0.139403,34570000,1420
0.139396,34580000,1421
0.139383,34590000,1422
0.139345,34600000,1423
0.139284,34610000,1424
0.139215,34620000,1425
0.139165,34630000,1426
0.13911,34640000,1427
0.139068,34650000,1428
0.139028,34660000,1429
0.138987,34670000,1430
0.138979,34680000,1431
0.138972,34690000,1432
0.138966,34700000,1433
0.138966,34700000,1434
0.138937,34720000,1435
0.138913,34730000,1436
0.138876,34740000,1437
0.138834,34750000,1438
0.138808,34760000,1439
0.138788,34770000,1440
0.138762,34780000,1441
0.138715,34790000,1442
0.138673,34800000,1443
0.138639,34810000,1444
0.138605,34820000,1445
0.138588,34830000,1446
0.138566,34840000,1447
0.138538,34850000,1448
0.138484,34860000,1449
0.138438,34870000,1450
0.13839,34880000,1451
0.138365,34890000,1452
0.138325,34900000,1453
0.138297,34910000,1454
0.138253,34920000,1455
0.138216,34930000,1456
0.138193,34940000,1457
0.138177,34950000,1458
0.138156,34960000,1459
0.138145,34970000,1460
0.138109,34980000,1461
0.138077,34990000,1462
0.138027,35000000,1463
0.137982,35010000,1464
0.13796,35020000,1465
0.137932,35030000,1466
0.137888,35040000,1467
0.137861,35050000,1468
0.137829,35060000,1469
0.137803,35070000,1470
0.137774,35080000,1471
0.137742,35090000,1472
0.137703,35100000,1473
0.137671,35110000,1474
0.137616,35120000,1475
0.137574,35130000,1476
0.137539,35140000,1477
0.137519,35150000,1478
0.137486,35160000,1479
0.13745,35170000,1480
0.137425,35180000,1481
0.137425,35180000,1482
0.137381,35200000,1483
0.137381,35200000,1484
0.137342,35220000,1485
0.137322,35230000,1486
0.137308,35240000,1487
0.137278,35250000,1488
0.137247,35260000,1489
0.137224,35270000,1490
0.137202,35280000,1491
0.137176,35290000,1492
0.137142,35300000,1493
0.13711,35310000,1494
0.137069,35320000,1495
0.137032,35330000,1496
0.137006,35340000,1497
0.136973,35350000,1498
0.136962,35360000,1499
0.136861,35370000,1500
0.136824,35380000,1501
0.136803,35390000,1502
0.13677,35400000,1503
0.136747,35410000,1504
0.13673,35420000,1505
0.136717,35430000,1506
0.136699,35440000,1507
0.13668,35450000,1508
0.13665,35460000,1509
0.13662,35470000,1510
0.136585,35480000,1511
0.136543,35490000,1512
0.136526,35500000,1513
0.136513,35510000,1514
0.136509,35520000,1515
0.136494,35530000,1516
0.136494,35530000,1517
0.136432,35550000,1518
0.136468,35560000,1519
0.136443,35570000,1520
0.136422,35580000,1521
0.136402,35590000,1522
0.136315,35600000,1523
0.136289,35610000,1524
0.136244,35620000,1525
0.136201,35630000,1526
0.13616,35640000,1527
0.136137,35650000,1528
0.136125,35660000,1529
0.136109,35670000,1530
0.136099,35680000,1531
0.136088,35690000,1532
0.136045,35700000,1533
0.136047,35710000,1534
0.136026,35720000,1535
0.136004,35730000,1536
0.135987,35740000,1537
0.135971,35750000,1538
0.135941,35760000,1539
0.135908,35770000,1540
0.135874,35780000,1541
0.135839,35790000,1542
0.135829,35800000,1543
0.13581,35810000,1544
0.135796,35820000,1545
0.135776,35830000,1546
0.135744,35840000,1547
0.135717,35850000,1548
0.13567,35860000,1549
0.135639,35870000,1550
0.135596,35880000,1551
0.13556,35890000,1552
0.135537,35900000,1553
0.135488,35910000,1554
0.135459,35920000,1555
0.135425,35930000,1556
0.135401,35940000,1557
0.135396,35950000,1558
0.135385,35960000,1559
0.135369,35970000,1560
0.135362,35980000,1561
0.13533,35990000,1562
0.135293,36000000,1563
0.135298,36010000,1564
0.135295,36020000,1565
0.135297,36030000,1566
0.135301,36040000,1567
0.135294,36050000,1568
0.135294,36060000,1569
0.135296,36070000,1570
0.135292,36080000,1571
0.135293,36090000,1572
0.135298,36100000,1573
0.134998,36110000,1574
0.134984,36120000,1575
0.134956,36130000,1576
0.134922,36140000,1577
0.134889,36150000,1578
0.134861,36160000,1579
0.134851,36170000,1580
0.134829,36180000,1581
0.134819,36190000,1582
0.134816,36200000,1583
0.134814,36210000,1584
0.134803,36220000,1585
0.134781,36230000,1586
0.134748,36240000,1587
0.134696,36250000,1588
0.134642,36260000,1589
0.134601,36270000,1590
0.134604,36280000,1591
0.134608,36290000,1592
0.134605,36300000,1593
0.134608,36310000,1594
0.134603,36320000,1595
0.134606,36330000,1596
0.134609,36340000,1597
0.134609,36350000,1598
0.134605,36360000,1599
0.134613,36370000,1600
0.134609,36380000,1601
0.134609,36390000,1602
0.134609,36400000,1603
0.134606,36410000,1604
0.134612,36420000,1605
0.134609,36430000,1606
0.134611,36440000,1607
0.134604,36450000,1608
0.134602,36460000,1609
0.134612,36470000,1610
0.134607,36480000,1611
0.134604,36490000,1612
0.134604,36500000,1613
0.134611,36510000,1614
0.134613,36520000,1615
0.134605,36530000,1616
0.133996,36540000,1617
0.133974,36550000,1618
0.133964,36560000,1619
0.133933,36570000,1620
0.133904,36580000,1621
0.133861,36590000,1622
0.133835,36600000,1623
0.133766,36610000,1624
0.133759,36620000,1625
0.133741,36630000,1626
0.133743,36640000,1627
0.133733,36650000,1628
0.133709,36660000,1629
0.133684,36670000,1630
0.133693,36680000,1631
0.133646,36690000,1632
0.133561,36700000,1633
0.13352,36710000,1634
0.133496,36720000,1635
0.133466,36730000,1636
0.133437,36740000,1637
0.133405,36750000,1638
0.133379,36760000,1639
0.133367,36770000,1640
0.133365,36780000,1641
0.133362,36790000,1642
0.133354,36800000,1643
0.13335,36810000,1644
0.133331,36820000,1645
0.133307,36830000,1646
0.133307,36830000,1647
0.13323,36850000,1648
0.133186,36860000,1649
0.133155,36870000,1650
0.133135,36880000,1651
0.133114,36890000,1652
0.133092,36900000,1653
0.133072,36910000,1654
0.133054,36920000,1655
0.133019,36930000,1656
0.133001,36940000,1657
0.132984,36950000,1658
0.132964,36960000,1659
0.132948,36970000,1660
0.132937,36980000,1661
0.132925,36990000,1662
0.132913,37000000,1663
0.132872,37010000,1664
0.132834,37020000,1665
0.1328,37030000,1666
0.13276,37040000,1667
0.132718,37050000,1668
0.13268,37060000,1669
0.132648,37070000,1670
0.13261,37080000,1671
0.13258,37090000,1672
0.132556,37100000,1673
0.132539,37110000,1674
0.132451,37120000,1675
0.132435,37130000,1676
0.132408,37140000,1677
0.132417,37150000,1678
0.132414,37160000,1679
0.132407,37170000,1680
0.132411,37180000,1681
0.132411,37190000,1682
0.132412,37200000,1683
0.132409,37210000,1684
0.132412,37220000,1685
0.132411,37230000,1686
0.132423,37240000,1687
0.132409,37250000,1688
0.13241,37260000,1689
0.132409,37270000,1690
0.132412,37280000,1691
0.132413,37290000,1692
0.132413,37300000,1693
0.131886,37310000,1694
0.131882,37320000,1695
0.131866,37330000,1696
0.131868,37340000,1697
0.131865,37350000,1698
0.131866,37360000,1699
0.131865,37370000,1700
0.131865,37380000,1701
0.131871,37390000,1702
0.131865,37400000,1703
0.131873,37410000,1704
0.131863,37420000,1705
0.131875,37430000,1706
0.131863,37440000,1707
0.131866,37450000,1708
0.131874,37460000,1709
0.131864,37470000,1710
0.131861,37480000,1711
0.131865,37490000,1712
0.13187,37500000,1713
0.13187,37510000,1714
0.131545,37520000,1715
0.131525,37530000,1716
0.131496,37540000,1717
0.131452,37550000,1718
0.131402,37560000,1719
0.13137,37570000,1720
0.131327,37580000,1721
0.131294,37590000,1722
0.131267,37600000,1723
0.131251,37610000,1724
0.131221,37620000,1725
0.1312,37630000,1726
0.131185,37640000,1727
0.131174,37650000,1728
0.131148,37660000,1729
0.131125,37670000,1730
0.131112,37680000,1731
0.131094,37690000,1732
0.13108,37700000,1733
0.131049,37710000,1734
0.131025,37720000,1735
0.13101,37730000,1736
0.130996,37740000,1737
0.130988,37750000,1738
0.130969,37760000,1739
0.130958,37770000,1740
0.13095,37780000,1741
0.130935,37790000,1742
0.130925,37800000,1743
0.130882,37810000,1744
0.13084,37820000,1745
0.130793,37830000,1746
0.13076,37840000,1747
0.130738,37850000,1748
0.130715,37860000,1749
0.130769,37870000,1750
0.130689,37880000,1751
0.130882,37890000,1752
0.130859,37900000,1753
0.130827,37910000,1754
0.130796,37920000,1755
0.130783,37930000,1756
0.130764,37940000,1757
0.130757,37950000,1758
0.130738,37960000,1759
0.130727,37970000,1760
0.130721,37980000,1761
0.130718,37990000,1762
0.130699,38000000,1763
0.130939,38010000,1764
0.131255,38020000,1765
0.130881,38030000,1766
0.130854,38040000,1767
0.130825,38050000,1768
0.130803,38060000,1769
0.130789,38070000,1770
0.13078,38080000,1771
0.130763,38090000,1772
0.130726,38100000,1773
0.130699,38110000,1774
0.130668,38120000,1775
0.130644,38130000,1776
0.130626,38140000,1777
0.130608,38150000,1778
0.130599,38160000,1779
0.130587,38170000,1780
0.130587,38170000,1781
0.130563,38190000,1782
0.130551,38200000,1783
0.130539,38210000,1784
0.130516,38220000,1785
0.130481,38230000,1786
0.130454,38240000,1787
0.130444,38250000,1788
0.130419,38260000,1789
0.130403,38270000,1790
0.130391,38280000,1791
0.130388,38290000,1792
0.130367,38300000,1793
0.130348,38310000,1794
0.13032,38320000,1795
0.1303,38330000,1796
0.130272,38340000,1797
0.130317,38350000,1798
0.13022,38360000,1799
0.130203,38370000,1800
0.130189,38380000,1801
0.13018,38390000,1802
0.130172,38400000,1803
0.130157,38410000,1804
0.130128,38420000,1805
0.13009,38430000,1806
0.130071,38440000,1807
0.130028,38450000,1808
0.130006,38460000,1809
0.129994,38470000,1810
0.129972,38480000,1811
0.129981,38490000,1812
0.129964,38500000,1813
0.129965,38510000,1814
0.129942,38520000,1815
0.129922,38530000,1816
0.129908,38540000,1817
0.129885,38550000,1818
0.12985,38560000,1819
0.129842,38570000,1820
0.129807,38580000,1821
0.129804,38590000,1822
0.129799,38600000,1823
0.129779,38610000,1824
0.129765,38620000,1825
0.129757,38630000,1826
0.129723,38640000,1827
0.129678,38650000,1828
0.129636,38660000,1829
0.129621,38670000,1830
0.129596,38680000,1831
0.129592,38690000,1832
0.129582,38700000,1833
0.129573,38710000,1834
0.129558,38720000,1835
0.129554,38730000,1836
0.129545,38740000,1837
0.12953,38750000,1838
0.129489,38760000,1839
0.12945,38770000,1840
0.12942,38780000,1841
0.129414,38790000,1842
0.129383,38800000,1843
0.129371,38810000,1844
0.129369,38820000,1845
0.129358,38830000,1846
0.129359,38840000,1847
0.129342,38850000,1848
0.129343,38860000,1849
0.129342,38870000,1850
0.129345,38880000,1851
0.129336,38890000,1852
0.129338,38900000,1853
0.129342,38910000,1854
0.129343,38920000,1855
0.129343,38930000,1856
0.129348,38940000,1857
0.129337,38950000,1858
0.129338,38960000,1859
0.129344,38970000,1860
0.129338,38980000,1861
0.129339,38990000,1862
0.129154,39000000,1863
0.129132,39010000,1864
0.129109,39020000,1865
0.129087,39030000,1866
0.129073,39040000,1867
0.129067,39050000,1868
0.129059,39060000,1869
0.129055,39070000,1870
0.129025,39080000,1871
0.129017,39090000,1872
0.128989,39100000,1873
0.128962,39110000,1874
0.128932,39120000,1875
0.128884,39130000,1876
0.128864,39140000,1877
0.128848,39150000,1878
0.128841,39160000,1879
0.128841,39170000,1880
0.128836,39180000,1881
0.128834,39190000,1882
0.128832,39200000,1883
0.128827,39210000,1884
0.12881,39220000,1885
0.128782,39230000,1886
0.128743,39240000,1887
0.128698,39250000,1888
0.128681,39260000,1889
0.128651,39270000,1890
0.128635,39280000,1891
0.128614,39290000,1892
0.128581,39300000,1893
0.128543,39310000,1894
0.128501,39320000,1895
0.128491,39330000,1896
0.128473,39340000,1897
0.12847,39350000,1898
0.128465,39360000,1899
0.128454,39370000,1900
0.128452,39380000,1901
0.128392,39390000,1902
0.128392,39400000,1903
0.128385,39410000,1904
0.128387,39420000,1905
0.128376,39430000,1906
0.128361,39440000,1907
0.128348,39450000,1908
0.128313,39460000,1909
0.128282,39470000,1910
0.128257,39480000,1911
0.128235,39490000,1912
0.128226,39500000,1913
0.128214,39510000,1914
0.128212,39520000,1915
0.128212,39530000,1916
0.12821,39540000,1917
0.128212,39550000,1918
0.128207,39560000,1919
0.12819,39570000,1920
0.128166,39580000,1921
0.128117,39590000,1922
0.128059,39600000,1923
0.128014,39610000,1924
0.127991,39620000,1925
0.127978,39630000,1926
0.127978,39630000,1927
0.127958,39650000,1928
0.127958,39650000,1929
0.127935,39670000,1930
0.127901,39680000,1931
0.127872,39690000,1932
0.127872,39690000,1933
0.127828,39700000,1934
0.127779,39720000,1935
0.127767,39730000,1936
0.127753,39740000,1937
0.127749,39750000,1938
0.127747,39760000,1939
0.127731,39770000,1940
0.127715,39780000,1941
0.127699,39790000,1942
0.127683,39800000,1943
0.127668,39810000,1944
0.127655,39820000,1945
0.127641,39830000,1946
0.127627,39840000,1947
0.127632,39850000,1948
0.12763,39860000,1949
0.127624,39870000,1950
0.127624,39880000,1951
0.127626,39890000,1952
0.127619,39900000,1953
0.127614,39910000,1954
0.127615,39920000,1955
0.127594,39930000,1956
0.127556,39940000,1957
0.127508,39950000,1958
0.127449,39960000,1959
0.127399,39970000,1960
0.127368,39980000,1961
0.127347,39990000,1962
0.127312,40000000,1963
0.127312,40000000,1964
0.127262,40020000,1965
0.127235,40030000,1966
0.127222,40040000,1967
0.127219,40050000,1968
0.127204,40060000,1969
0.127193,40070000,1970
0.127183,40080000,1971
0.127176,40090000,1972
0.127164,40100000,1973
0.127158,40110000,1974
0.127151,40120000,1975
0.127148,40130000,1976
0.127124,40140000,1977
0.1271,40150000,1978
0.127078,40160000,1979
0.127056,40170000,1980
0.127047,40180000,1981
0.127033,40190000,1982
0.127019,40200000,1983
0.127006,40210000,1984
0.12701,40220000,1985
0.127004,40230000,1986
0.127009,40240000,1987
0.127008,40250000,1988
0.127008,40260000,1989
0.127012,40270000,1990
0.127008,40280000,1991
0.126896,40290000,1992
0.126869,40300000,1993
0.126843,40310000,1994
0.126833,40320000,1995
0.126805,40330000,1996
0.126784,40340000,1997
0.126777,40350000,1998
0.126774,40360000,1999
