0.124888,147540000,2000
0.12489,147550000,1999
0.124888,147560000,1998
0.124893,147570000,1997
0.124893,147580000,1996
0.124887,147590000,1995
0.124894,147600000,1994
0.124887,147610000,1993
0.124887,147620000,1992
0.124882,147630000,1991
0.124879,147640000,1990
0.124884,147650000,1989
0.124888,147660000,1988
0.12488,147670000,1987
0.12489,147680000,1986
0.124876,147690000,1985
0.124879,147700000,1984
0.124873,147710000,1983
0.124879,147720000,1982
0.124884,147730000,1981
0.124888,147740000,1980
0.124882,147750000,1979
0.124877,147760000,1978
0.124877,147760000,1977
0.12488,147780000,1976
0.124889,147790000,1975
0.124889,147800000,1974
0.12489,147810000,1973
0.124881,147820000,1972
0.124875,147830000,1971
0.124869,147840000,1970
0.124882,147850000,1969
0.124876,147860000,1968
0.124878,147870000,1967
0.124879,147880000,1966
0.12488,147890000,1965
0.124879,147900000,1964
0.124878,147910000,1963
0.124876,147920000,1962
0.124877,147930000,1961
0.124875,147940000,1960
0.124874,147950000,1959
0.124883,147960000,1958
0.124873,147970000,1957
0.124875,147980000,1956
0.124877,147990000,1955
0.124878,148000000,1954
0.124885,148010000,1953
0.124879,148020000,1952
0.124872,148030000,1951
0.124871,148040000,1950
0.124878,148050000,1949
0.124873,148060000,1948
0.124878,148070000,1947
0.124879,148080000,1946
0.124888,148090000,1945
0.12487,148100000,1944
0.124883,148110000,1943
0.124881,148120000,1942
0.12487,148130000,1941
0.124876,148140000,1940
0.124883,148150000,1939
0.124879,148160000,1938
0.124882,148170000,1937
0.124884,148180000,1936
0.124876,148190000,1935
0.124875,148200000,1934
0.124882,148210000,1933
0.124872,148220000,1932
0.12488,148230000,1931
0.124879,148240000,1930
0.124886,148250000,1929
0.124878,148260000,1928
0.124878,148270000,1927
0.124875,148280000,1926
0.124887,148290000,1925
0.124882,148300000,1924
0.124875,148310000,1923
0.12488,148320000,1922
0.124876,148330000,1921
0.124878,148340000,1920
0.124876,148350000,1919
0.124885,148360000,1918
0.124882,148370000,1917
0.124889,148380000,1916
0.124891,148390000,1915
0.124892,148400000,1914
0.124891,148410000,1913
0.124896,148420000,1912
0.124903,148430000,1911
0.124925,148440000,1910
0.124935,148450000,1909
0.124957,148460000,1908
0.124966,148470000,1907
0.124969,148480000,1906
0.124981,148490000,1905
0.125001,148500000,1904
0.125008,148510000,1903
0.125031,148520000,1902
0.125027,148530000,1901
0.125038,148540000,1900
0.125041,148550000,1899
0.125056,148560000,1898
0.125053,148570000,1897
0.125061,148580000,1896
0.125054,148590000,1895
0.125055,148600000,1894
0.12506,148610000,1893
0.125081,148620000,1892
0.12508,148630000,1891
0.125074,148640000,1890
0.125072,148650000,1889
0.125086,148660000,1888
0.125082,148670000,1887
0.125082,148680000,1886
0.125082,148690000,1885
0.125083,148700000,1884
0.125089,148710000,1883
0.125083,148720000,1882
0.125091,148730000,1881
0.125098,148740000,1880
0.125097,148750000,1879
0.125101,148760000,1878
0.125105,148770000,1877
0.125132,148780000,1876
0.12515,148790000,1875
0.12519,148800000,1874
0.125227,148810000,1873
0.125274,148820000,1872
0.125311,148830000,1871
0.125324,148840000,1870
0.125346,148850000,1869
0.125367,148860000,1868
0.125385,148870000,1867
0.125392,148880000,1866
0.125406,148890000,1865
0.125406,148900000,1864
0.125411,148910000,1863
0.125409,148920000,1862
0.125421,148930000,1861
0.125422,148940000,1860
0.125438,148950000,1859
0.125436,148960000,1858
0.125447,148970000,1857
0.125441,148980000,1856
0.125442,148990000,1855
0.125444,149000000,1854
0.12545,149010000,1853
0.125447,149020000,1852
0.125452,149030000,1851
0.125448,149040000,1850
0.125451,149050000,1849
0.125454,149060000,1848
0.125456,149070000,1847
0.125465,149080000,1846
0.12546,149090000,1845
0.125461,149100000,1844
0.125466,149110000,1843
0.125466,149120000,1842
0.125475,149130000,1841
0.125495,149140000,1840
0.125507,149150000,1839
0.125522,149160000,1838
0.125554,149170000,1837
0.125594,149180000,1836
0.12563,149190000,1835
0.125662,149200000,1834
0.125683,149210000,1833
0.125703,149220000,1832
0.125718,149230000,1831
0.125723,149240000,1830
0.125738,149250000,1829
0.125762,149260000,1828
0.125799,149270000,1827
0.125844,149280000,1826
0.125873,149290000,1825
0.125897,149300000,1824
0.125926,149310000,1823
0.125931,149320000,1822
0.125937,149330000,1821
0.125944,149340000,1820
0.125953,149350000,1819
0.125963,149360000,1818
0.125967,149370000,1817
0.125973,149380000,1816
0.125976,149390000,1815
0.12598,149400000,1814
0.125987,149410000,1813
0.125994,149420000,1812
0.126002,149430000,1811
0.126006,149440000,1810
0.126011,149450000,1809
0.12601,149460000,1808
0.126014,149470000,1807
0.126016,149480000,1806
0.126026,149490000,1805
0.126018,149500000,1804
0.126028,149510000,1803
0.126034,149520000,1802
0.126029,149530000,1801
0.126027,149540000,1800
0.12604,149550000,1799
0.126044,149560000,1798
0.126059,149570000,1797
0.126068,149580000,1796
0.126081,149590000,1795
0.126099,149600000,1794
0.126129,149610000,1793
0.12616,149620000,1792
0.126201,149630000,1791
0.126242,149640000,1790
0.126265,149650000,1789
0.126287,149660000,1788
0.126308,149670000,1787
0.126321,149680000,1786
0.126344,149690000,1785
0.12636,149700000,1784
0.126371,149710000,1783
0.126386,149720000,1782
0.126404,149730000,1781
0.126431,149740000,1780
0.126435,149750000,1779
0.126446,149760000,1778
0.126461,149770000,1777
0.126459,149780000,1776
0.126466,149790000,1775
0.126469,149800000,1774
0.126476,149810000,1773
0.12647,149820000,1772
0.12647,149830000,1771
0.12648,149840000,1770
0.126486,149850000,1769
0.126492,149860000,1768
0.12649,149870000,1767
0.126508,149880000,1766
0.126516,149890000,1765
0.126523,149900000,1764
0.126542,149910000,1763
0.126554,149920000,1762
0.126565,149930000,1761
0.126597,149940000,1760
0.126621,149950000,1759
0.126643,149960000,1758
0.12666,149970000,1757
0.126669,149980000,1756
0.126693,149990000,1755
0.126707,150000000,1754
0.126729,150010000,1753
0.126735,150020000,1752
0.126751,150030000,1751
0.12678,150040000,1750
0.1268,150050000,1749
0.126827,150060000,1748
0.12685,150070000,1747
0.126874,150080000,1746
0.126893,150090000,1745
0.126929,150100000,1744
0.126949,150110000,1743
0.12696,150120000,1742
0.126986,150130000,1741
0.126992,150140000,1740
0.127004,150150000,1739
0.127021,150160000,1738
0.127031,150170000,1737
0.127032,150180000,1736
0.127041,150190000,1735
0.127045,150200000,1734
0.127047,150210000,1733
0.127065,150220000,1732
0.12706,150230000,1731
0.127055,150240000,1730
0.127059,150250000,1729
0.127068,150260000,1728
0.127066,150270000,1727
0.127077,150280000,1726
0.127093,150290000,1725
0.127115,150300000,1724
0.12714,150310000,1723
0.127148,150320000,1722
0.127164,150330000,1721
0.12719,150340000,1720
0.127218,150350000,1719
0.127219,150360000,1718
0.127218,150370000,1717
0.127238,150380000,1716
0.127244,150390000,1715
0.127272,150400000,1714
0.127285,150410000,1713
0.127322,150420000,1712
0.127353,150430000,1711
0.127382,150440000,1710
0.127418,150450000,1709
0.12746,150460000,1708
0.127504,150470000,1707
0.127512,150480000,1706
0.127506,150490000,1705
0.127508,150500000,1704
0.127501,150510000,1703
0.127507,150520000,1702
0.127511,150530000,1701
0.127508,150540000,1700
0.127499,150550000,1699
0.127502,150560000,1698
0.127512,150570000,1697
0.127508,150580000,1696
0.127502,150590000,1695
0.127506,150600000,1694
0.127501,150610000,1693
0.1275,150620000,1692
0.127502,150630000,1691
0.127501,150640000,1690
0.127504,150650000,1689
0.127506,150660000,1688
0.127507,150670000,1687
0.127501,150680000,1686
0.127501,150690000,1685
0.127505,150700000,1684
0.127506,150710000,1683
0.127502,150720000,1682
0.127509,150730000,1681
0.127506,150740000,1680
0.127502,150750000,1679
0.127507,150760000,1678
0.127502,150770000,1677
0.127927,150780000,1676
0.127956,150790000,1675
0.127973,150800000,1674
0.128006,150810000,1673
0.128031,150820000,1672
0.128054,150830000,1671
0.128057,150840000,1670
0.128071,150850000,1669
0.128073,150860000,1668
0.12808,150870000,1667
0.12808,150880000,1666
0.128094,150890000,1665
0.128097,150900000,1664
0.128107,150910000,1663
0.128119,150920000,1662
0.128137,150930000,1661
0.128164,150940000,1660
0.128185,150950000,1659
0.128216,150960000,1658
0.128251,150970000,1657
0.128281,150980000,1656
0.128309,150990000,1655
0.128325,151000000,1654
0.128345,151010000,1653
0.128355,151020000,1652
0.128385,151030000,1651
0.128405,151040000,1650
0.128455,151050000,1649
0.128458,151060000,1648
0.128473,151070000,1647
0.128469,151080000,1646
0.128475,151090000,1645
0.128488,151100000,1644
0.128485,151110000,1643
0.128499,151120000,1642
0.128508,151130000,1641
0.12852,151140000,1640
0.128553,151150000,1639
0.128586,151160000,1638
0.128604,151170000,1637
0.128626,151180000,1636
0.128648,151190000,1635
0.128671,151200000,1634
0.128693,151210000,1633
0.128692,151220000,1632
0.128711,151230000,1631
0.128718,151240000,1630
0.128736,151250000,1629
0.128766,151260000,1628
0.12878,151270000,1627
0.128812,151280000,1626
0.128832,151290000,1625
0.128854,151300000,1624
0.12886,151310000,1623
0.128873,151320000,1622
0.128881,151330000,1621
0.128892,151340000,1620
0.128906,151350000,1619
0.128926,151360000,1618
0.128949,151370000,1617
0.128973,151380000,1616
0.129007,151390000,1615
0.129027,151400000,1614
0.129048,151410000,1613
0.129064,151420000,1612
0.129074,151430000,1611
0.129081,151440000,1610
0.129088,151450000,1609
0.129111,151460000,1608
0.12913,151470000,1607
0.129149,151480000,1606
0.129159,151490000,1605
0.129178,151500000,1604
0.129186,151510000,1603
0.129212,151520000,1602
0.129239,151530000,1601
0.129255,151540000,1600
0.129269,151550000,1599
0.129284,151560000,1598
0.12929,151570000,1597
0.129306,151580000,1596
0.129327,151590000,1595
0.129347,151600000,1594
0.129368,151610000,1593
0.129396,151620000,1592
0.12942,151630000,1591
0.129437,151640000,1590
0.129451,151650000,1589
0.129465,151660000,1588
0.129491,151670000,1587
0.129512,151680000,1586
0.129528,151690000,1585
0.129543,151700000,1584
0.129559,151710000,1583
0.129582,151720000,1582
0.129611,151730000,1581
0.129646,151740000,1580
0.129665,151750000,1579
0.129692,151760000,1578
0.129713,151770000,1577
0.129722,151780000,1576
0.129734,151790000,1575
0.129737,151800000,1574
0.129751,151810000,1573
0.129762,151820000,1572
0.129781,151830000,1571
0.129807,151840000,1570
0.129821,151850000,1569
0.129842,151860000,1568
0.12985,151870000,1567
0.129861,151880000,1566
0.129862,151890000,1565
0.129888,151900000,1564
0.129905,151910000,1563
0.129908,151920000,1562
0.129924,151930000,1561
0.129945,151940000,1560
0.12998,151950000,1559
0.130031,151960000,1558
0.130058,151970000,1557
0.130088,151980000,1556
0.130105,151990000,1555
0.13013,152000000,1554
0.130159,152010000,1553
0.130166,152020000,1552
0.1302,152030000,1551
0.130227,152040000,1550
0.130246,152050000,1549
0.130274,152060000,1548
0.130273,152070000,1547
0.130279,152080000,1546
0.130289,152090000,1545
0.130308,152100000,1544
0.130342,152110000,1543
0.130357,152120000,1542
0.130389,152130000,1541
0.130411,152140000,1540
0.130436,152150000,1539
0.130443,152160000,1538
0.130443,152160000,1537
0.130465,152180000,1536
0.130477,152190000,1535
0.130484,152200000,1534
0.130485,152210000,1533
0.130492,152220000,1532
0.130537,152230000,1531
0.13054,152240000,1530
0.13056,152250000,1529
0.130584,152260000,1528
0.130622,152270000,1527
0.130643,152280000,1526
0.130664,152290000,1525
0.130681,152300000,1524
0.130701,152310000,1523
0.130717,152320000,1522
0.130752,152330000,1521
0.130768,152340000,1520
0.13079,152350000,1519
0.130822,152360000,1518
0.130848,152370000,1517
0.130874,152380000,1516
0.130895,152390000,1515
0.13091,152400000,1514
0.130921,152410000,1513
0.130931,152420000,1512
0.130941,152430000,1511
0.130953,152440000,1510
0.130973,152450000,1509
0.130999,152460000,1508
0.131042,152470000,1507
0.131085,152480000,1506
0.131109,152490000,1505
0.131129,152500000,1504
0.131149,152510000,1503
0.13117,152520000,1502
0.131195,152530000,1501
0.13123,152540000,1500
0.131248,152550000,1499
0.131024,152560000,1498
0.131283,152570000,1497
0.131051,152580000,1496
0.1313,152590000,1495
0.131083,152600000,1494
0.131103,152610000,1493
0.131121,152620000,1492
0.131153,152630000,1491
0.131177,152640000,1490
0.131203,152650000,1489
0.13123,152660000,1488
0.131243,152670000,1487
0.13125,152680000,1486
0.131268,152690000,1485
0.131285,152700000,1484
0.131308,152710000,1483
0.131327,152720000,1482
0.131348,152730000,1481
0.131376,152740000,1480
0.131392,152750000,1479
0.131418,152760000,1478
0.131417,152770000,1477
0.131445,152780000,1476
0.131464,152790000,1475
0.131478,152800000,1474
0.131506,152810000,1473
0.131521,152820000,1472
0.131553,152830000,1471
0.131589,152840000,1470
0.131627,152850000,1469
0.131657,152860000,1468
0.131687,152870000,1467
0.131728,152880000,1466
0.131755,152890000,1465
0.131778,152900000,1464
0.131792,152910000,1463
0.13181,152920000,1462
0.131827,152930000,1461
0.131837,152940000,1460
0.131851,152950000,1459
0.13187,152960000,1458
0.131883,152970000,1457
0.131878,152980000,1456
0.131908,152990000,1455
0.131922,153000000,1454
0.131946,153010000,1453
0.131986,153020000,1452
0.132023,153030000,1451
0.132041,153040000,1450
0.132063,153050000,1449
0.132083,153060000,1448
0.132091,153070000,1447
0.132118,153080000,1446
0.132135,153090000,1445
0.132168,153100000,1444
0.132197,153110000,1443
0.132221,153120000,1442
0.132248,153130000,1441
0.132248,153140000,1440
0.132252,153150000,1439
0.13225,153160000,1438
0.132249,153170000,1437
0.132251,153180000,1436
0.13225,153190000,1435
0.132253,153200000,1434
0.132249,153210000,1433
0.132246,153220000,1432
0.132246,153230000,1431
0.132249,153240000,1430
0.132252,153250000,1429
0.132246,153260000,1428
0.132241,153270000,1427
0.132253,153280000,1426
0.132247,153290000,1425
0.13225,153300000,1424
0.132251,153310000,1423
0.132245,153320000,1422
0.132251,153330000,1421
0.132257,153340000,1420
0.13225,153350000,1419
0.13225,153360000,1418
0.13225,153370000,1417
0.13269,153380000,1416
0.132704,153390000,1415
0.132727,153400000,1414
0.132758,153410000,1413
0.132765,153420000,1412
0.13279,153430000,1411
0.132803,153440000,1410
0.132824,153450000,1409
0.132847,153460000,1408
0.132861,153470000,1407
0.13288,153480000,1406
0.132895,153490000,1405
0.132924,153500000,1404
0.132958,153510000,1403
0.132985,153520000,1402
0.133017,153530000,1401
0.133038,153540000,1400
0.133062,153550000,1399
0.133095,153560000,1398
0.133122,153570000,1397
0.133145,153580000,1396
0.133174,153590000,1395
0.133199,153600000,1394
0.133217,153610000,1393
0.133229,153620000,1392
0.133229,153620000,1391
0.133258,153640000,1390
0.133273,153650000,1389
0.133308,153660000,1388
0.13333,153670000,1387
0.133348,153680000,1386
0.133379,153690000,1385
0.133392,153700000,1384
0.133422,153710000,1383
0.133451,153720000,1382
0.133482,153730000,1381
0.133521,153740000,1380
0.133546,153750000,1379
0.133587,153760000,1378
0.13362,153770000,1377
0.13364,153780000,1376
0.133676,153790000,1375
0.133705,153800000,1374
0.133746,153810000,1373
0.133769,153820000,1372
0.133806,153830000,1371
0.134003,153840000,1370
0.134023,153850000,1369
0.134047,153860000,1368
0.134063,153870000,1367
0.13408,153880000,1366
0.134097,153890000,1365
0.134115,153900000,1364
0.134138,153910000,1363
0.134143,153920000,1362
0.134169,153930000,1361
0.134195,153940000,1360
0.134215,153950000,1359
0.134237,153960000,1358
0.134263,153970000,1357
0.134286,153980000,1356
0.134302,153990000,1355
0.134334,154000000,1354
0.134367,154010000,1353
0.134385,154020000,1352
0.134389,154030000,1351
0.134411,154040000,1350
0.134431,154050000,1349
0.13446,154060000,1348
0.134493,154070000,1347
0.134522,154080000,1346
0.134561,154090000,1345
0.134586,154100000,1344
0.134616,154110000,1343
0.134627,154120000,1342
0.134661,154130000,1341
0.134679,154140000,1340
0.134711,154150000,1339
0.134732,154160000,1338
0.134757,154170000,1337
0.134784,154180000,1336
0.134814,154190000,1335
0.134833,154200000,1334
0.134868,154210000,1333
0.13489,154220000,1332
0.134939,154230000,1331
0.134965,154240000,1330
0.134994,154250000,1329
0.135022,154260000,1328
0.13504,154270000,1327
0.135072,154280000,1326
0.135093,154290000,1325
0.135113,154300000,1324
0.135145,154310000,1323
0.135171,154320000,1322
0.135191,154330000,1321
0.135218,154340000,1320
0.135236,154350000,1319
0.13526,154360000,1318
0.135298,154370000,1317
0.135336,154380000,1316
0.135324,154390000,1315
0.13533,154400000,1314
0.135334,154410000,1313
0.135332,154420000,1312
0.135328,154430000,1311
0.135334,154440000,1310
0.135587,154450000,1309
0.135608,154460000,1308
0.135622,154470000,1307
0.135617,154480000,1306
0.135616,154490000,1305
0.135611,154500000,1304
0.135615,154510000,1303
0.135618,154520000,1302
0.135615,154530000,1301
0.135615,154540000,1300
0.135613,154550000,1299
0.135612,154560000,1298
0.135614,154570000,1297
0.13561,154580000,1296
0.135619,154590000,1295
0.135621,154600000,1294
0.135622,154610000,1293
0.135611,154620000,1292
0.135618,154630000,1291
0.135618,154640000,1290
0.135615,154650000,1289
0.135618,154660000,1288
0.135613,154670000,1287
0.135613,154680000,1286
0.135609,154690000,1285
0.135613,154700000,1284
0.135618,154710000,1283
0.135613,154720000,1282
0.135616,154730000,1281
0.136304,154740000,1280
0.136335,154750000,1279
0.136354,154760000,1278
0.136387,154770000,1277
0.136411,154780000,1276
0.136439,154790000,1275
0.136455,154800000,1274
0.136474,154810000,1273
0.136497,154820000,1272
0.136514,154830000,1271
0.136542,154840000,1270
0.13657,154850000,1269
0.136596,154860000,1268
0.136621,154870000,1267
0.136646,154880000,1266
0.136658,154890000,1265
0.136693,154900000,1264
0.136717,154910000,1263
0.136769,154920000,1262
0.136806,154930000,1261
0.13685,154940000,1260
0.136883,154950000,1259
0.136917,154960000,1258
0.136956,154970000,1257
0.13699,154980000,1256
0.13702,154990000,1255
0.137052,155000000,1254
0.137084,155010000,1253
0.137108,155020000,1252
0.137138,155030000,1251
0.137164,155040000,1250
0.137185,155050000,1249
0.137206,155060000,1248
0.137227,155070000,1247
0.137241,155080000,1246
0.137263,155090000,1245
0.137281,155100000,1244
0.137317,155110000,1243
0.137334,155120000,1242
0.137377,155130000,1241
0.137366,155140000,1240
0.137387,155150000,1239
0.137399,155160000,1238
0.137403,155170000,1237
0.137426,155180000,1236
0.137457,155190000,1235
0.137495,155200000,1234
0.137546,155210000,1233
0.137604,155220000,1232
0.137641,155230000,1231
0.137674,155240000,1230
0.13771,155250000,1229
0.137738,155260000,1228
0.137772,155270000,1227
0.137811,155280000,1226
0.137837,155290000,1225
0.137864,155300000,1224
0.137894,155310000,1223
0.13792,155320000,1222
0.137942,155330000,1221
0.137972,155340000,1220
0.137989,155350000,1219
0.138022,155360000,1218
0.138048,155370000,1217
0.138076,155380000,1216
0.138109,155390000,1215
0.138129,155400000,1214
0.138146,155410000,1213
0.138161,155420000,1212
0.138179,155430000,1211
0.138211,155440000,1210
0.138232,155450000,1209
0.13826,155460000,1208
0.138287,155470000,1207
0.138321,155480000,1206
0.13837,155490000,1205
0.138403,155500000,1204
0.13843,155510000,1203
0.138434,155520000,1202
0.138458,155530000,1201
0.138495,155540000,1200
0.138539,155550000,1199
0.13857,155560000,1198
0.138609,155570000,1197
0.138621,155580000,1196
0.138622,155590000,1195
0.138618,155600000,1194
0.138624,155610000,1193
0.138634,155620000,1192
0.138659,155630000,1191
0.138698,155640000,1190
0.138744,155650000,1189
0.138796,155660000,1188
0.138839,155670000,1187
0.138876,155680000,1186
0.138933,155690000,1185
0.138971,155700000,1184
0.139016,155710000,1183
0.139075,155720000,1182
0.139113,155730000,1181
0.139172,155740000,1180
0.139204,155750000,1179
0.139238,155760000,1178
0.139257,155770000,1177
0.139299,155780000,1176
0.139343,155790000,1175
0.139382,155800000,1174
0.139417,155810000,1173
0.139435,155820000,1172
0.139461,155830000,1171
0.13949,155840000,1170
0.139528,155850000,1169
0.13955,155860000,1168
0.139576,155870000,1167
0.139596,155880000,1166
0.139603,155890000,1165
0.139617,155900000,1164
0.139638,155910000,1163
0.139685,155920000,1162
0.139751,155930000,1161
0.139804,155940000,1160
0.13985,155950000,1159
0.139911,155960000,1158
0.139955,155970000,1157
0.139992,155980000,1156
0.140033,155990000,1155
0.140049,156000000,1154
0.14007,156010000,1153
0.140104,156020000,1152
0.14013,156030000,1151
0.140162,156040000,1150
0.140186,156050000,1149
0.140231,156060000,1148
0.140255,156070000,1147
0.140291,156080000,1146
0.140324,156090000,1145
0.140354,156100000,1144
0.140374,156110000,1143
0.140405,156120000,1142
0.140434,156130000,1141
0.140467,156140000,1140
0.140516,156150000,1139
0.140552,156160000,1138
0.14059,156170000,1137
0.140623,156180000,1136
0.140647,156190000,1135
0.140683,156200000,1134
0.14074,156210000,1133
0.140781,156220000,1132
0.1408,156230000,1131
0.140824,156240000,1130
0.140829,156250000,1129
0.140854,156260000,1128
0.140889,156270000,1127
0.140934,156280000,1126
0.140981,156290000,1125
0.141017,156300000,1124
0.141046,156310000,1123
0.141089,156320000,1122
0.141127,156330000,1121
0.141149,156340000,1120
0.141191,156350000,1119
0.141217,156360000,1118
0.14123,156370000,1117
0.141278,156380000,1116
0.14131,156390000,1115
0.14134,156400000,1114
0.141379,156410000,1113
0.141419,156420000,1112
0.141467,156430000,1111
0.1415,156440000,1110
0.141541,156450000,1109
0.141575,156460000,1108
0.141603,156470000,1107
0.141627,156480000,1106
0.141653,156490000,1105
0.141676,156500000,1104
0.141707,156510000,1103
0.141751,156520000,1102
0.141799,156530000,1101
0.141839,156540000,1100
0.141872,156550000,1099
0.141916,156560000,1098
0.141945,156570000,1097
0.141982,156580000,1096
0.142014,156590000,1095
0.142046,156600000,1094
0.142079,156610000,1093
0.142123,156620000,1092
0.142156,156630000,1091
0.142201,156640000,1090
0.142225,156650000,1089
0.142262,156660000,1088
0.142306,156670000,1087
0.142338,156680000,1086
0.142385,156690000,1085
0.142419,156700000,1084
0.142449,156710000,1083
0.142478,156720000,1082
0.142513,156730000,1081
0.142542,156740000,1080
0.142567,156750000,1079
0.142601,156760000,1078
0.142619,156770000,1077
0.142648,156780000,1076
0.142685,156790000,1075
0.142718,156800000,1074
0.142762,156810000,1073
0.142799,156820000,1072
0.142842,156830000,1071
0.142888,156840000,1070
0.142929,156850000,1069
0.142969,156860000,1068
0.143011,156870000,1067
0.143052,156880000,1066
0.143092,156890000,1065
0.143127,156900000,1064
0.143167,156910000,1063
0.14319,156920000,1062
0.143224,156930000,1061
0.143264,156940000,1060
0.143289,156950000,1059
0.14333,156960000,1058
0.143365,156970000,1057
0.143397,156980000,1056
0.143434,156990000,1055
0.143463,157000000,1054
0.143504,157010000,1053
0.143543,157020000,1052
0.143573,157030000,1051
0.143618,157040000,1050
0.143667,157050000,1049
0.143711,157060000,1048
0.143771,157070000,1047
0.143814,157080000,1046
0.14384,157090000,1045
0.143885,157100000,1044
0.143926,157110000,1043
0.143975,157120000,1042
0.144005,157130000,1041
0.144021,157140000,1040
0.144057,157150000,1039
0.144089,157160000,1038
0.144119,157170000,1037
0.144162,157180000,1036
0.144189,157190000,1035
0.14422,157200000,1034
0.144253,157210000,1033
0.14429,157220000,1032
0.144324,157230000,1031
0.144362,157240000,1030
0.144404,157250000,1029
0.144452,157260000,1028
0.144494,157270000,1027
0.144545,157280000,1026
0.144581,157290000,1025
0.144611,157300000,1024
0.144654,157310000,1023
0.14469,157320000,1022
0.144718,157330000,1021
0.144767,157340000,1020
0.144798,157350000,1019
0.144824,157360000,1018
0.144863,157370000,1017
0.1449,157380000,1016
0.144955,157390000,1015
0.144986,157400000,1014
0.14502,157410000,1013
0.14506,157420000,1012
0.145103,157430000,1011
0.145147,157440000,1010
0.145181,157450000,1009
0.145246,157460000,1008
0.145305,157470000,1007
0.145351,157480000,1006
0.145407,157490000,1005
0.145431,157500000,1004
0.145483,157510000,1003
0.145514,157520000,1002
0.145547,157530000,1001
0.145584,157540000,1000
0.145624,157550000,999
0.145662,157560000,998
0.145696,157570000,997
0.145738,157580000,996
0.145771,157590000,995
0.145814,157600000,994
0.145842,157610000,993
0.145877,157620000,992
0.145916,157630000,991
0.145959,157640000,990
0.146008,157650000,989
0.146058,157660000,988
0.146109,157670000,987
0.146146,157680000,986
0.146199,157690000,985
0.146237,157700000,984
0.146281,157710000,983
0.146324,157720000,982
0.14637,157730000,981
0.146402,157740000,980
0.146443,157750000,979
0.146503,157760000,978
0.146544,157770000,977
0.146574,157780000,976
0.14661,157790000,975
0.146645,157800000,974
0.146684,157810000,973
0.146736,157820000,972
0.146777,157830000,971
0.146815,157840000,970
0.146862,157850000,969
0.146899,157860000,968
0.146953,157870000,967
0.146985,157880000,966
0.147034,157890000,965
0.147082,157900000,964
0.147098,157910000,963
0.147143,157920000,962
0.147183,157930000,961
0.147207,157940000,960
0.147235,157950000,959
0.147253,157960000,958
0.147306,157970000,957
0.147346,157980000,956
0.147389,157990000,955
0.147466,158000000,954
0.147522,158010000,953
0.147576,158020000,952
0.147622,158030000,951
0.147665,158040000,950
0.147702,158050000,949
0.147763,158060000,948
0.147809,158070000,947
0.147842,158080000,946
0.147885,158090000,945
0.147924,158100000,944
0.147977,158110000,943
0.148019,158120000,942
0.148071,158130000,941
0.148099,158140000,940
0.148129,158150000,939
0.148153,158160000,938
0.14818,158170000,937
0.148228,158180000,936
0.148285,158190000,935
0.148333,158200000,934
0.148406,158210000,933
0.14845,158220000,932
0.148499,158230000,931
0.148551,158240000,930
0.148604,158250000,929
0.148653,158260000,928
0.148677,158270000,927
0.14871,158280000,926
0.148756,158290000,925
0.148776,158300000,924
0.148815,158310000,923
0.148864,158320000,922
0.148915,158330000,921
0.148975,158340000,920
0.149019,158350000,919
0.149077,158360000,918
0.149138,158370000,917
0.149189,158380000,916
0.149239,158390000,915
0.14927,158400000,914
0.149319,158410000,913
0.149362,158420000,912
0.149403,158430000,911
0.149449,158440000,910
0.14949,158450000,909
0.149552,158460000,908
0.149609,158470000,907
0.149676,158480000,906
0.149719,158490000,905
0.14976,158500000,904
0.149793,158510000,903
0.149842,158520000,902
0.149895,158530000,901
0.14995,158540000,900
0.150023,158550000,899
0.150066,158560000,898
0.150118,158570000,897
0.15016,158580000,896
0.150206,158590000,895
0.150249,158600000,894
0.150288,158610000,893
0.150315,158620000,892
0.150359,158630000,891
0.15041,158640000,890
0.150437,158650000,889
0.1505,158660000,888
0.150564,158670000,887
0.150618,158680000,886
0.150674,158690000,885
0.150737,158700000,884
0.150786,158710000,883
0.150779,158720000,882
0.150816,158730000,881
0.150866,158740000,880
0.150929,158750000,879
0.150987,158760000,878
0.151058,158770000,877
0.151099,158780000,876
0.151155,158790000,875
0.151192,158800000,874
0.151258,158810000,873
0.151311,158820000,872
0.15136,158830000,871
0.151404,158840000,870
0.151457,158850000,869
0.151499,158860000,868
0.151553,158870000,867
0.151605,158880000,866
0.151597,158890000,865
0.151604,158900000,864
0.151602,158910000,863
0.151804,158920000,862
0.15219,158930000,861
0.151811,158940000,860
0.151809,158950000,859
0.151811,158960000,858
0.151812,158970000,857
0.151815,158980000,856
0.151812,158990000,855
0.151808,159000000,854
0.1518,159010000,853
0.151813,159020000,852
0.151811,159030000,851
0.151807,159040000,850
0.152616,159050000,849
0.152676,159060000,848
0.152721,159070000,847
0.15272,159080000,846
0.152715,159090000,845
0.152726,159100000,844
0.152726,159110000,843
0.152719,159120000,842
0.152721,159130000,841
0.152724,159140000,840
0.152724,159150000,839
0.152724,159160000,838
0.15272,159170000,837
0.152731,159180000,836
0.15272,159190000,835
0.153125,159200000,834
0.153169,159210000,833
0.153219,159220000,832
0.153287,159230000,831
0.153332,159240000,830
0.153379,159250000,829
0.153756,159260000,828
0.153682,159270000,827
0.153732,159280000,826
0.153793,159290000,825
0.153855,159300000,824
0.153899,159310000,823
0.153958,159320000,822
0.154,159330000,821
0.154055,159340000,820
0.154104,159350000,819
0.154151,159360000,818
0.154198,159370000,817
0.154251,159380000,816
0.154301,159390000,815
0.154344,159400000,814
0.154391,159410000,813
0.154439,159420000,812
0.154488,159430000,811
0.154525,159440000,810
0.154613,159450000,809
0.15465,159460000,808
0.1547,159470000,807
0.154767,159480000,806
0.154799,159490000,805
0.154847,159500000,804
0.154903,159510000,803
0.154945,159520000,802
0.154971,159530000,801
0.155017,159540000,800
0.15506,159550000,799
0.155121,159560000,798
0.155156,159570000,797
0.155219,159580000,796
0.155269,159590000,795
0.155337,159600000,794
0.155402,159610000,793
0.155457,159620000,792
0.155504,159630000,791
0.155548,159640000,790
0.1556,159650000,789
0.155653,159660000,788
0.155704,159670000,787
0.155754,159680000,786
0.155794,159690000,785
0.155842,159700000,784
0.155895,159710000,783
0.155951,159720000,782
0.156018,159730000,781
0.156077,159740000,780
0.156154,159750000,779
0.156203,159760000,778
0.156249,159770000,777
0.156301,159780000,776
0.156348,159790000,775
0.156402,159800000,774
0.156454,159810000,773
0.1565,159820000,772
0.156557,159830000,771
0.156607,159840000,770
0.156672,159850000,769
0.156739,159860000,768
0.156791,159870000,767
0.156868,159880000,766
0.156921,159890000,765
0.156997,159900000,764
0.157038,159910000,763
0.157093,159920000,762
0.157144,159930000,761
0.157209,159940000,760
0.15727,159950000,759
0.15731,159960000,758
0.157347,159970000,757
0.157402,159980000,756
0.157452,159990000,755
0.1575,160000000,754
0.157563,160010000,753
0.157632,160020000,752
0.157694,160030000,751
0.157771,160040000,750
0.157819,160050000,749
0.157872,160060000,748
0.157915,160070000,747
0.157966,160080000,746
0.158007,160090000,745
0.158055,160100000,744
0.158098,160110000,743
0.15816,160120000,742
0.158237,160130000,741
0.158293,160140000,740
0.158358,160150000,739
0.158423,160160000,738
0.158466,160170000,737
0.158525,160180000,736
0.158568,160190000,735
0.158607,160200000,734
0.158667,160210000,733
0.158718,160220000,732
0.158799,160230000,731
0.158851,160240000,730
0.15889,160250000,729
0.158933,160260000,728
0.158955,160270000,727
0.158982,160280000,726
0.159033,160290000,725
0.159081,160300000,724
0.159159,160310000,723
0.15923,160320000,722
0.159305,160330000,721
0.159356,160340000,720
0.159425,160350000,719
0.159479,160360000,718
0.159537,160370000,717
0.159593,160380000,716
0.15964,160390000,715
0.159694,160400000,714
0.159744,160410000,713
0.159798,160420000,712
0.15985,160430000,711
0.159913,160440000,710
0.159974,160450000,709
0.16003,160460000,708
0.160079,160470000,707
0.160132,160480000,706
0.160186,160490000,705
0.160242,160500000,704
0.16032,160510000,703
0.160371,160520000,702
0.160412,160530000,701
0.160469,160540000,700
0.160528,160550000,699
0.160596,160560000,698
0.160655,160570000,697
0.160716,160580000,696
0.160768,160590000,695
0.160824,160600000,694
0.160881,160610000,693
0.160916,160620000,692
0.160956,160630000,691
0.160997,160640000,690
0.16104,160650000,689
0.161105,160660000,688
0.161159,160670000,687
0.161219,160680000,686
0.161277,160690000,685
0.161331,160700000,684
0.161407,160710000,683
0.161452,160720000,682
0.161513,160730000,681
0.161555,160740000,680
0.1616,160750000,679
0.161645,160760000,678
0.161704,160770000,677
0.161756,160780000,676
0.161808,160790000,675
0.161852,160800000,674
0.161915,160810000,673
0.161954,160820000,672
0.162,160830000,671
0.162049,160840000,670
0.162104,160850000,669
0.162159,160860000,668
0.162207,160870000,667
0.162264,160880000,666
0.162326,160890000,665
0.162367,160900000,664
0.162445,160910000,663
0.162487,160920000,662
0.162546,160930000,661
0.162609,160940000,660
0.162672,160950000,659
0.162723,160960000,658
0.162781,160970000,657
0.162833,160980000,656
0.162912,160990000,655
0.162994,161000000,654
0.163042,161010000,653
0.163091,161020000,652
0.163133,161030000,651
0.163191,161040000,650
0.16323,161050000,649
0.163282,161060000,648
0.163349,161070000,647
0.1634,161080000,646
0.163486,161090000,645
0.163535,161100000,644
0.163583,161110000,643
0.163626,161120000,642
0.163695,161130000,641
0.163693,161140000,640
0.163696,161150000,639
0.163694,161160000,638
0.163699,161170000,637
0.163688,161180000,636
0.163694,161190000,635
0.163694,161200000,634
0.163695,161210000,633
0.163699,161220000,632
0.163695,161230000,631
0.164244,161240000,630
0.164302,161250000,629
0.164354,161260000,628
0.164424,161270000,627
0.164507,161280000,626
0.164573,161290000,625
0.164626,161300000,624
0.164646,161310000,623
0.164699,161320000,622
0.16475,161330000,621
0.164793,161340000,620
0.164853,161350000,619
0.164911,161360000,618
0.164976,161370000,617
0.165041,161380000,616
0.165088,161390000,615
0.165136,161400000,614
0.165185,161410000,613
0.165245,161420000,612
0.165287,161430000,611
0.16532,161440000,610
0.165361,161450000,609
0.165406,161460000,608
0.16545,161470000,607
0.165534,161480000,606
0.165591,161490000,605
0.165643,161500000,604
0.165693,161510000,603
0.16574,161520000,602
0.165783,161530000,601
0.165841,161540000,600
0.165884,161550000,599
0.165933,161560000,598
0.165968,161570000,597
0.166012,161580000,596
0.166079,161590000,595
0.166125,161600000,594
0.166173,161610000,593
0.166229,161620000,592
0.166275,161630000,591
0.166335,161640000,590
0.166377,161650000,589
0.166422,161660000,588
0.166461,161670000,587
0.166486,161680000,586
0.166549,161690000,585
0.166607,161700000,584
0.166651,161710000,583
0.1667,161720000,582
0.166751,161730000,581
0.16679,161740000,580
0.166841,161750000,579
0.166895,161760000,578
0.166935,161770000,577
0.166978,161780000,576
0.166978,161780000,575
0.167054,161800000,574
0.167111,161810000,573
0.167163,161820000,572
0.167211,161830000,571
0.167256,161840000,570
0.167309,161850000,569
0.167365,161860000,568
0.167412,161870000,567
0.16745,161880000,566
0.167491,161890000,565
0.16753,161900000,564
0.167586,161910000,563
0.167641,161920000,562
0.167695,161930000,561
0.167742,161940000,560
0.167773,161950000,559
0.167805,161960000,558
0.167853,161970000,557
0.167894,161980000,556
0.167921,161990000,555
0.167977,162000000,554
0.168002,162010000,553
0.168048,162020000,552
0.168095,162030000,551
0.168147,162040000,550
0.168185,162050000,549
0.168236,162060000,548
0.168285,162070000,547
0.168322,162080000,546
0.168353,162090000,545
0.168399,162100000,544
0.168426,162110000,543
0.168467,162120000,542
0.168495,162130000,541
0.168542,162140000,540
0.16857,162150000,539
0.168624,162160000,538
0.168658,162170000,537
0.168686,162180000,536
0.168703,162190000,535
0.168732,162200000,534
0.168772,162210000,533
0.1688,162220000,532
0.168835,162230000,531
0.168858,162240000,530
0.168893,162250000,529
0.168933,162260000,528
0.168981,162270000,527
0.16904,162280000,526
0.16909,162290000,525
0.169124,162300000,524
0.169169,162310000,523
0.169214,162320000,522
0.169244,162330000,521
0.169283,162340000,520
0.169302,162350000,519
0.169322,162360000,518
0.16936,162370000,517
0.169411,162380000,516
0.169445,162390000,515
0.169482,162400000,514
0.169521,162410000,513
0.169559,162420000,512
0.169602,162430000,511
0.169648,162440000,510
0.169666,162450000,509
0.16969,162460000,508
0.169723,162470000,507
0.169767,162480000,506
0.169802,162490000,505
0.169857,162500000,504
0.169886,162510000,503
0.169907,162520000,502
0.169944,162530000,501
0.169984,162540000,500
0.170031,162550000,499
0.170063,162560000,498
0.17009,162570000,497
0.170136,162580000,496
0.170165,162590000,495
0.170197,162600000,494
0.170223,162610000,493
0.170261,162620000,492
0.170285,162630000,491
0.17029,162640000,490
0.170301,162650000,489
0.170335,162660000,488
0.170372,162670000,487
0.17042,162680000,486
0.170447,162690000,485
0.170476,162700000,484
0.170485,162710000,483
0.170509,162720000,482
0.170538,162730000,481
0.170582,162740000,480
0.170644,162750000,479
0.170704,162760000,478
0.170759,162770000,477
0.170797,162780000,476
0.170834,162790000,475
0.170861,162800000,474
0.170887,162810000,473
0.17089,162820000,472
0.170893,162830000,471
0.17091,162840000,470
0.170935,162850000,469
0.170975,162860000,468
0.171015,162870000,467
0.171064,162880000,466
0.171088,162890000,465
0.171138,162900000,464
0.171164,162910000,463
0.171158,162920000,462
0.171162,162930000,461
0.17117,162940000,460
0.171178,162950000,459
0.171201,162960000,458
0.171231,162970000,457
0.171276,162980000,456
0.171328,162990000,455
0.171383,163000000,454
0.171448,163010000,453
0.17148,163020000,452
0.171507,163030000,451
0.171508,163040000,450
0.171514,163050000,449
0.171536,163060000,448
0.171563,163070000,447
0.171599,163080000,446
0.171628,163090000,445
0.171663,163100000,444
0.171695,163110000,443
0.171697,163120000,442
0.17171,163130000,441
0.171725,163140000,440
0.171757,163150000,439
0.171788,163160000,438
0.171811,163170000,437
0.171834,163180000,436
0.171865,163190000,435
0.171886,163200000,434
0.171903,163210000,433
0.171922,163220000,432
0.171964,163230000,431
0.171981,163240000,430
0.171993,163250000,429
0.172018,163260000,428
0.172044,163270000,427
0.172066,163280000,426
0.172082,163290000,425
0.172084,163300000,424
0.172123,163310000,423
0.172173,163320000,422
0.172202,163330000,421
0.172225,163340000,420
0.172245,163350000,419
0.172265,163360000,418
0.172285,163370000,417
0.172292,163380000,416
0.172329,163390000,415
0.172357,163400000,414
0.172391,163410000,413
0.172391,163410000,412
0.172421,163430000,411
0.172425,163440000,410
0.172437,163450000,409
0.172456,163460000,408
0.172467,163470000,407
0.172479,163480000,406
0.172502,163490000,405
0.172531,163500000,404
0.172565,163510000,403
0.172592,163520000,402
0.172621,163530000,401
0.172639,163540000,400
0.172637,163550000,399
0.172645,163560000,398
0.172642,163570000,397
0.172646,163580000,396
0.172655,163590000,395
0.172661,163600000,394
0.172703,163610000,393
0.172751,163620000,392
0.172794,163630000,391
0.172846,163640000,390
0.172863,163650000,389
0.172866,163660000,388
0.172874,163670000,387
0.172877,163680000,386
0.17289,163690000,385
0.172897,163700000,384
0.172904,163710000,383
0.172928,163720000,382
0.172971,163730000,381
0.172999,163740000,380
0.173028,163750000,379
0.173045,163760000,378
0.173057,163770000,377
0.173063,163780000,376
0.173072,163790000,375
0.17307,163800000,374
0.173096,163810000,373
0.173115,163820000,372
0.173145,163830000,371
0.173162,163840000,370
0.173176,163850000,369
0.173197,163860000,368
0.173206,163870000,367
0.173237,163880000,366
0.173248,163890000,365
0.173268,163900000,364
0.173274,163910000,363
0.173284,163920000,362
0.173294,163930000,361
0.173304,163940000,360
0.173335,163950000,359
0.173364,163960000,358
0.173388,163970000,357
0.173402,163980000,356
0.1734,163990000,355
0.17341,164000000,354
0.173408,164010000,353
0.1734,164020000,352
0.173412,164030000,351
0.173429,164040000,350
0.17342,164050000,349
0.173422,164060000,348
0.173424,164070000,347
0.173443,164080000,346
0.173452,164090000,345
0.173484,164100000,344
0.173548,164110000,343
0.173607,164120000,342
0.173629,164130000,341
0.173625,164140000,340
0.173626,164150000,339
0.173634,164160000,338
0.173644,164170000,337
0.173642,164180000,336
0.173634,164190000,335
0.173646,164200000,334
0.173653,164210000,333
0.173667,164220000,332
0.1737,164230000,331
0.173768,164240000,330
0.17381,164250000,329
0.173847,164260000,328
0.173849,164270000,327
0.173851,164280000,326
0.173854,164290000,325
0.173863,164300000,324
0.173856,164310000,323
0.173867,164320000,322
0.173866,164330000,321
0.173863,164340000,320
0.173871,164350000,319
0.173887,164360000,318
0.173899,164370000,317
0.173935,164380000,316
0.173962,164390000,315
0.174006,164400000,314
0.174018,164410000,313
0.174013,164420000,312
0.174013,164430000,311
0.174011,164440000,310
0.174023,164450000,309
0.174025,164460000,308
0.174022,164470000,307
0.17402,164480000,306
0.17402,164490000,305
0.174028,164500000,304
0.174021,164510000,303
0.174027,164520000,302
0.17404,164530000,301
0.174041,164540000,300
0.174045,164550000,299
0.174045,164560000,298
0.174081,164570000,297
0.174127,164580000,296
0.174179,164590000,295
0.174218,164600000,294
0.17423,164610000,293
0.174235,164620000,292
0.174231,164630000,291
0.174232,164640000,290
0.17424,164650000,289
0.174238,164660000,288
0.174236,164670000,287
0.174237,164680000,286
0.174248,164690000,285
0.174256,164700000,284
0.174269,164710000,283
0.174295,164720000,282
0.174351,164730000,281
0.174399,164740000,280
0.174407,164750000,279
0.174407,164760000,278
0.174408,164770000,277
0.174422,164780000,276
0.174421,164790000,275
0.174421,164800000,274
0.174419,164810000,273
0.174423,164820000,272
0.174422,164830000,271
0.174425,164840000,270
0.174422,164850000,269
0.174434,164860000,268
0.174453,164870000,267
0.174456,164880000,266
0.174464,164890000,265
0.174466,164900000,264
0.174495,164910000,263
0.174523,164920000,262
0.174556,164930000,261
0.17458,164940000,260
0.174586,164950000,259
0.174592,164960000,258
0.174589,164970000,257
0.174589,164980000,256
0.174595,164990000,255
0.174595,165000000,254
0.174613,165010000,253
0.174608,165020000,252
0.174611,165030000,251
0.174623,165040000,250
0.174613,165050000,249
0.17463,165060000,248
0.174644,165070000,247
0.17465,165080000,246
0.174649,165090000,245
0.174672,165100000,244
0.17467,165110000,243
0.174679,165120000,242
0.174701,165130000,241
0.174724,165140000,240
0.174758,165150000,239
0.174778,165160000,238
0.174777,165170000,237
0.174778,165180000,236
0.174788,165190000,235
0.174782,165200000,234
0.174779,165210000,233
0.174788,165220000,232
0.174806,165230000,231
0.174813,165240000,230
0.174827,165250000,229
0.174843,165260000,228
0.174851,165270000,227
0.174848,165280000,226
0.17486,165290000,225
0.174852,165300000,224
0.174858,165310000,223
0.174864,165320000,222
0.17486,165330000,221
0.174871,165340000,220
0.174864,165350000,219
0.174867,165360000,218
0.17488,165370000,217
0.174887,165380000,216
0.1749,165390000,215
0.17491,165400000,214
0.17493,165410000,213
0.174941,165420000,212
0.174949,165430000,211
0.174955,165440000,210
0.174954,165450000,209
0.174959,165460000,208
0.174968,165470000,207
0.174962,165480000,206
0.174958,165490000,205
0.174972,165500000,204
0.174966,165510000,203
0.174967,165520000,202
0.174984,165530000,201
0.174983,165540000,200
0.174975,165550000,199
0.174984,165560000,198
0.174988,165570000,197
0.175004,165580000,196
0.175016,165590000,195
0.175033,165600000,194
0.175042,165610000,193
0.175045,165620000,192
0.175048,165630000,191
0.175064,165640000,190
0.175073,165650000,189
0.175102,165660000,188
0.175095,165670000,187
0.175108,165680000,186
0.175104,165690000,185
0.17511,165700000,184
0.175119,165710000,183
0.175128,165720000,182
0.175125,165730000,181
0.175129,165740000,180
0.175139,165750000,179
0.175131,165760000,178
0.175149,165770000,177
0.175159,165780000,176
0.17517,165790000,175
0.175196,165800000,174
0.175231,165810000,173
0.175247,165820000,172
0.175248,165830000,171
0.175251,165840000,170
0.175245,165850000,169
0.175259,165860000,168
0.175255,165870000,167
0.175263,165880000,166
0.175266,165890000,165
0.175262,165900000,164
0.175273,165910000,163
0.17527,165920000,162
0.175282,165930000,161
0.175291,165940000,160
0.175314,165950000,159
0.175334,165960000,158
0.175343,165970000,157
0.175352,165980000,156
0.175362,165990000,155
0.175361,166000000,154
0.175375,166010000,153
0.175366,166020000,152
0.175367,166030000,151
0.175384,166040000,150
0.175373,166050000,149
0.175372,166060000,148
0.175398,166070000,147
0.1754,166080000,146
0.175403,166090000,145
0.175413,166100000,144
0.17542,166110000,143
0.175446,166120000,142
0.175464,166130000,141
0.175465,166140000,140
0.17547,166150000,139
0.175468,166160000,138
0.175465,166170000,137
0.175478,166180000,136
0.175479,166190000,135
0.175488,166200000,134
0.175482,166210000,133
0.175487,166220000,132
0.175491,166230000,131
0.1755,166240000,130
0.175511,166250000,129
0.175529,166260000,128
0.175528,166270000,127
0.175537,166280000,126
0.175536,166290000,125
0.17554,166300000,124
0.175552,166310000,123
0.17555,166320000,122
0.175556,166330000,121
0.175562,166340000,120
0.175563,166350000,119
0.175573,166360000,118
0.175583,166370000,117
0.175584,166380000,116
0.175582,166390000,115
0.175589,166400000,114
0.175591,166410000,113
0.175596,166420000,112
0.175594,166430000,111
0.175601,166440000,110
0.175606,166450000,109
0.175607,166460000,108
0.175617,166470000,107
0.17561,166480000,106
0.175616,166490000,105
0.175611,166500000,104
0.175619,166510000,103
0.17562,166520000,102
0.175621,166530000,101
0.175631,166540000,100
0.175631,166550000,99
0.175632,166560000,98
0.175638,166570000,97
0.175647,166580000,96
0.175656,166590000,95
0.17567,166600000,94
0.175675,166610000,93
0.175693,166620000,92
0.175711,166630000,91
0.175717,166640000,90
0.175708,166650000,89
0.175714,166660000,88
0.175715,166670000,87
0.175724,166680000,86
0.175729,166690000,85
0.175731,166700000,84
0.175739,166710000,83
0.175733,166720000,82
0.175749,166730000,81
0.175754,166740000,80
0.175761,166750000,79
0.175792,166760000,78
0.175802,166770000,77
0.175823,166780000,76
0.175824,166790000,75
0.175825,166800000,74
0.175823,166810000,73
0.175832,166820000,72
0.175837,166830000,71
0.175835,166840000,70
0.175834,166850000,69
0.175837,166860000,68
0.175848,166870000,67
0.175852,166880000,66
0.175867,166890000,65
0.17586,166900000,64
0.175873,166910000,63
0.175887,166920000,62
0.175907,166930000,61
0.175904,166940000,60
0.175908,166950000,59
0.175916,166960000,58
0.175935,166970000,57
0.175931,166980000,56
0.175945,166990000,55
0.175937,167000000,54
0.175934,167010000,53
0.175939,167020000,52
0.175947,167030000,51
0.17595,167040000,50
0.175951,167050000,49
0.175966,167060000,48
0.175961,167070000,47
0.175969,167080000,46
0.175967,167090000,45
0.175975,167100000,44
0.175986,167110000,43
0.175994,167120000,42
0.175991,167130000,41
0.175998,167140000,40
0.176008,167150000,39
0.176005,167160000,38
0.176006,167170000,37
0.176008,167180000,36
0.176016,167190000,35
0.176027,167200000,34
0.176031,167210000,33
0.176024,167220000,32
0.176044,167230000,31
0.176028,167240000,30
0.176049,167250000,29
0.176045,167260000,28
0.176047,167270000,27
0.176067,167280000,26
0.176068,167290000,25
0.176065,167300000,24
0.176078,167310000,23
0.176071,167320000,22
0.176079,167330000,21
0.176096,167340000,20
0.176103,167350000,19
0.176107,167360000,18
0.176109,167370000,17
0.176108,167380000,16
0.176101,167390000,15
0.176108,167400000,14
0.176134,167410000,13
0.176147,167420000,12
0.176166,167430000,11
0.176169,167440000,10
0.176158,167450000,9
0.176163,167460000,8
0.176167,167470000,7
0.17617,167480000,6
0.176169,167490000,5
0.176182,167500000,4
0.176185,167510000,3
0.176175,167520000,2
0.176184,167530000,1
